YEAR,MONTH,MER,SMB ,HML ,RF
1926,7,2.96,-2.3,-2.87,0.22
1926,8,2.64,-1.4,4.19,0.25
1926,9,0.36,-1.32,0.01,0.23
1926,10,-3.24,0.04,0.51,0.32
1926,11,2.53,-0.2,-0.35,0.31
1926,12,2.62,-0.04,-0.02,0.28
1927,1,-0.06,-0.56,4.83,0.25
1927,2,4.18,-0.1,3.17,0.26
1927,3,0.13,-1.6,-2.67,0.3
1927,4,0.46,0.43,0.6,0.25
1927,5,5.44,1.41,4.93,0.3
1927,6,-2.34,0.47,-1.53,0.26
1927,7,7.26,-3.23,-1.16,0.3
1927,8,1.97,-0.72,-3.69,0.28
1927,9,4.76,-3.57,-0.71,0.21
1927,10,-4.31,2.13,-4.33,0.25
1927,11,6.58,2.76,-0.31,0.21
1927,12,2.09,0.93,-1.06,0.22
1928,1,-0.68,4.25,-0.72,0.25
1928,2,-1.7,-2.03,-0.69,0.33
1928,3,8.81,-0.26,-1.2,0.29
1928,4,4.23,3.82,3.67,0.22
1928,5,1.52,2.98,-3.46,0.32
1928,6,-4.85,-3.5,-0.06,0.31
1928,7,0.62,-1.35,-0.47,0.32
1928,8,6.68,-2.07,-2.11,0.32
1928,9,2.88,2.33,0.99,0.27
1928,10,1.33,2.27,-2.26,0.41
1928,11,11.81,-1.81,2.8,0.38
1928,12,0.36,-0.85,-0.6,0.06
1929,1,4.66,-3.54,-1.21,0.34
1929,2,-0.34,-0.39,1.68,0.36
1929,3,-0.89,-4.74,1.61,0.34
1929,4,1.43,-1,0.6,0.36
1929,5,-6.39,-5.35,-1.4,0.44
1929,6,9.7,-2.17,-2.76,0.52
1929,7,4.46,-3.88,2.66,0.33
1929,8,8.18,-9.52,0.06,0.4
1929,9,-5.47,1.17,-0.63,0.35
1929,10,-20.12,-4.08,7.85,0.46
1929,11,-12.74,-1.9,5.33,0.37
1929,12,1.33,-4.33,-0.59,0.37
1930,1,5.61,3.54,-1.01,0.14
1930,2,2.5,0.13,0.39,0.3
1930,3,7.1,3.43,0.15,0.35
1930,4,-2.06,-0.2,-0.84,0.21
1930,5,-1.66,-2.04,-0.63,0.26
1930,6,-16.27,-3.24,2,0.27
1930,7,4.12,-0.37,-1.56,0.2
1930,8,0.3,-2.22,-0.78,0.09
1930,9,-12.75,-2.22,-5.27,0.22
1930,10,-8.78,-0.1,-1.35,0.09
1930,11,-3.04,2.21,-3.53,0.13
1930,12,-7.83,-4.67,-5.4,0.14
1931,1,6.24,3.77,7.16,0.15
1931,2,10.88,3.38,1.61,0.04
1931,3,-6.43,3.07,-3.66,0.13
1931,4,-9.98,-4.62,-3.94,0.08
1931,5,-13.24,5.17,-6.58,0.09
1931,6,13.9,-5.38,11.31,0.08
1931,7,-6.62,1.43,-2.1,0.06
1931,8,0.41,-1.97,-1.49,0.03
1931,9,-29.13,0.56,-6.75,0.03
1931,10,8.04,-1.87,1.7,0.1
1931,11,-9.08,4.3,-5.05,0.17
1931,12,-13.53,-0.56,-8.86,0.12
1932,1,-1.58,3.94,9.04,0.23
1932,2,5.46,-2.77,-1.45,0.23
1932,3,-11.21,2.27,-2.32,0.16
1932,4,-17.96,1.44,1.42,0.11
1932,5,-20.51,3.91,-2.99,0.06
1932,6,-0.7,0.34,5.3,0.02
1932,7,33.84,-4.44,35.46,0.03
1932,8,37.06,14.29,33.03,0.03
1932,9,-2.94,-2.44,-6.82,0.03
1932,10,-13.17,-2.76,-10.05,0.02
1932,11,-5.88,2.08,-13.28,0.02
1932,12,4.4,-8.27,-8.17,0.01
1933,1,1.25,0.69,6.23,0.01
1933,2,-15.24,-2.75,-2.73,-0.03
1933,3,3.29,3.9,7.38,0.04
1933,4,38.85,4.56,17.43,0.1
1933,5,21.43,36.7,19.03,0.04
1933,6,13.11,8.56,-2.05,0.02
1933,7,-9.63,-1.01,3.27,0.02
1933,8,12.05,-5.45,2.96,0.03
1933,9,-10.65,-0.32,-11.77,0.02
1933,10,-8.36,-0.08,-8.46,0.01
1933,11,9.97,-6.48,2.33,0.02
1933,12,1.83,0.66,-1.53,0.02
1934,1,12.6,12.53,15.54,0.05
1934,2,-2.5,5.19,2.12,0.02
1934,3,0.09,2.51,-2.73,0.02
1934,4,-1.79,2.8,-3.75,0.01
1934,5,-7.25,-0.26,-5.91,0.01
1934,6,2.64,-2.14,-2.92,0.01
1934,7,-10.96,-6.92,-10.64,0.01
1934,8,5.58,5.39,0.45,0.01
1934,9,-0.23,-1.5,-1.22,0.01
1934,10,-1.66,1.25,-5.11,0.01
1934,11,8.33,6.5,-2.24,0.01
1934,12,0.36,3.06,-3.2,0.01
1935,1,-3.45,1.1,-1.86,0.01
1935,2,-1.94,0.41,-7.27,0.02
1935,3,-3.68,-3.57,-5.1,0.01
1935,4,9.06,-1.51,4.35,0.01
1935,5,3.47,-3.38,2.56,0.01
1935,6,5.93,-2.51,-1.65,0.01
1935,7,7.51,1.47,6.86,0.01
1935,8,2.65,6.28,5.7,0.01
1935,9,2.63,1.57,-4.05,0.01
1935,10,7.03,2.64,-2.33,0.01
1935,11,4.88,4.28,11.91,0.02
1935,12,4.56,0.23,1.07,0.01
1936,1,6.89,5.14,10.51,0.01
1936,2,2.49,1.14,5.04,0.01
1936,3,0.99,0.65,-1.66,0.02
1936,4,-8.14,-6.04,-2.08,0.02
1936,5,5.19,0.83,2.63,0.02
1936,6,2.4,-3.26,-1.2,0.03
1936,7,6.67,1.14,2.56,0.01
1936,8,0.99,0.72,3.99,0.02
1936,9,0.98,3.07,0.88,0.01
1936,10,7.12,-2.39,2.52,0.02
1936,11,3.27,9.01,-0.92,0.01
1936,12,0.21,3.61,3.96,0
1937,1,3.35,4.31,2.61,0.01
1937,2,1.09,1.23,5.05,0.02
1937,3,-0.27,-1.78,6.39,0.01
1937,4,-7.36,-3.77,-3.61,0.03
1937,5,-0.83,-0.66,-3.49,0.06
1937,6,-4.21,-3.65,-3.21,0.03
1937,7,8.91,0.85,0.82,0.03
1937,8,-4.86,0.42,-2.25,0.02
1937,9,-13.61,-6.89,-4.57,0.04
1937,10,-9.61,0.45,-1.62,0.02
1937,11,-8.31,-3.65,0.2,0.02
1937,12,-4.24,-7.76,-0.39,0
1938,1,0.49,4.97,-1.6,0
1938,2,5.84,0.35,-2.02,0
1938,3,-23.82,-4.24,-3.52,-0.01
1938,4,14.51,6.37,0.18,0.01
1938,5,-3.83,-2.47,-0.28,0
1938,6,23.87,4.05,0.3,0
1938,7,7.34,6.66,2.18,-0.01
1938,8,-2.67,-2.44,-4.72,0
1938,9,0.81,-2.72,-1.62,0.02
1938,10,7.8,5.83,5.01,0.01
1938,11,-1.72,-2.56,-1.23,-0.06
1938,12,4.19,-1.8,0.5,0
1939,1,-5.96,-1.56,-3.92,-0.01
1939,2,3.51,0.63,2.95,0.01
1939,3,-11.99,-4.76,-8.29,-0.01
1939,4,-0.18,1.66,-0.3,0
1939,5,6.8,2.81,0.47,0.01
1939,6,-5.31,-1.02,-5.41,0.01
1939,7,10.24,4.32,-0.03,0
1939,8,-6.68,-4.61,-2.42,-0.01
1939,9,16.88,20.23,22.22,0.01
1939,10,-0.53,-0.01,-4.89,0
1939,11,-3.62,-5.07,-6.46,0
1939,12,3.03,0.79,-4.06,0
1940,1,-2.41,0.24,-0.77,0
1940,2,1.44,2.51,-0.32,0
1940,3,2.05,1.25,-1.27,0
1940,4,0.22,3.92,-0.13,0
1940,5,-21.95,-6.66,-3.69,-0.02
1940,6,6.67,-2.13,4.63,0
1940,7,3.16,1.01,-0.74,0.01
1940,8,2.19,-0.11,0.56,-0.01
1940,9,2.39,3.22,-1.13,0
1940,10,3.02,0.28,4.64,0
1940,11,-1.61,1.94,0.12,0
1940,12,0.69,-2.15,-0.89,0
1941,1,-4.17,1,3.83,-0.01
1941,2,-1.43,-1.57,0.89,-0.01
1941,3,0.84,0.1,3.04,0.01
1941,4,-5.46,-1.69,3.41,-0.01
1941,5,1.39,-0.66,0.6,0
1941,6,5.83,1.32,0.59,0
1941,7,5.87,5.7,7.25,0.03
1941,8,-0.17,-0.41,-1.1,0.01
1941,9,-0.87,-0.99,-0.28,0.01
1941,10,-5.25,-2.02,1.63,0
1941,11,-1.92,-1.21,-0.64,0
1941,12,-4.87,-2.98,-5.94,0.01
1942,1,0.79,7.52,10.1,0.02
1942,2,-2.46,1.72,-1.13,0.01
1942,3,-6.58,1.78,-0.62,0.01
1942,4,-4.37,-0.6,2.09,0.01
1942,5,5.94,-3.05,-2.65,0.03
1942,6,2.69,-1.22,0.54,0.02
1942,7,3.51,-0.16,2.4,0.03
1942,8,1.8,-0.09,1.33,0.03
1942,9,2.61,0.66,2.39,0.03
1942,10,6.82,1.82,6.47,0.03
1942,11,0.15,-1.54,-4.24,0.03
1942,12,5.12,-2.49,0.56,0.03
1943,1,7.13,8.78,8.23,0.03
1943,2,6.15,4.84,6.51,0.03
1943,3,6.01,5.03,5.48,0.03
1943,4,0.81,2.06,5.86,0.03
1943,5,5.74,4.41,3.28,0.03
1943,6,1.82,-1.06,-0.74,0.03
1943,7,-4.77,-2.41,-2.27,0.03
1943,8,1.3,-0.62,-0.47,0.03
1943,9,2.4,1.28,1.43,0.03
1943,10,-1.15,0.58,1.65,0.03
1943,11,-5.91,-1.64,-4.04,0.03
1943,12,6.36,3.34,3.22,0.03
1944,1,1.74,2.56,2.17,0.03
1944,2,0.37,-0.1,0.83,0.03
1944,3,2.46,1.71,3.43,0.02
1944,4,-1.69,-1.35,-1.13,0.03
1944,5,5.07,1.67,1.02,0.03
1944,6,5.49,4.04,1.82,0.03
1944,7,-1.49,0.55,-0.43,0.03
1944,8,1.57,2.41,-1.63,0.03
1944,9,0.01,0.47,-1.21,0.02
1944,10,0.16,-0.14,-0.34,0.03
1944,11,1.71,0.37,2.31,0.03
1944,12,4.03,2.24,5.91,0.02
1945,1,2.01,2.44,0.71,0.03
1945,2,6.23,1.56,4.4,0.02
1945,3,-3.89,-1.61,-1.78,0.02
1945,4,7.8,0.32,3.21,0.03
1945,5,1.73,1.51,0.35,0.03
1945,6,0.39,3.1,4.32,0.02
1945,7,-2.17,-1.46,-2.71,0.03
1945,8,6.2,1.61,-4.4,0.03
1945,9,4.77,1.71,0.48,0.03
1945,10,3.89,2.46,2.25,0.03
1945,11,5.39,4.16,4.34,0.02
1945,12,1.2,2.12,-2.32,0.03
1946,1,6.24,4.02,2.21,0.03
1946,2,-5.83,-0.73,-1.27,0.03
1946,3,5.87,0.31,-0.36,0.03
1946,4,4.23,2.37,0.45,0.03
1946,5,3.93,1.46,1.09,0.03
1946,6,-3.89,-1.53,-0.59,0.03
1946,7,-2.69,-2.06,0.04,0.03
1946,8,-6.44,-1.78,0.6,0.03
1946,9,-10.17,-4.41,-1.96,0.03
1946,10,-1.44,0.09,3.44,0.03
1946,11,-0.01,-0.4,1.52,0.03
1946,12,4.96,0.06,-1.38,0.03
1947,1,1.25,2.18,-0.73,0.03
1947,2,-1.08,0.68,0.14,0.03
1947,3,-1.67,-1.61,0.61,0.03
1947,4,-4.8,-3.97,0.85,0.03
1947,5,-0.97,-3.26,0.34,0.03
1947,6,5.29,-0.31,-0.6,0.03
1947,7,4.14,1.43,2.82,0.03
1947,8,-1.74,0.3,0.16,0.03
1947,9,-0.54,1.64,1.36,0.06
1947,10,2.47,0.51,0.08,0.06
1947,11,-1.97,-1.74,1.06,0.06
1947,12,3,-2.48,3.69,0.08
1948,1,-3.93,2.49,1.38,0.07
1948,2,-4.38,-1.71,0.07,0.07
1948,3,8.07,0.13,4.49,0.09
1948,4,3.65,-1.66,4.1,0.08
1948,5,7.3,0.93,-1.23,0.08
1948,6,-0.1,-1.86,2.75,0.09
1948,7,-5.09,-0.32,0.07,0.08
1948,8,0.25,-1.1,0.27,0.09
1948,9,-2.97,-1.23,-1.79,0.04
1948,10,5.96,-1.5,0.56,0.04
1948,11,-9.3,-0.62,-4.14,0.04
1948,12,3.26,-2.8,-1.94,0.04
1949,1,0.23,1.81,1.17,0.1
1949,2,-2.93,-1.89,-0.91,0.09
1949,3,4.04,2.48,1.34,0.1
1949,4,-1.87,-0.89,-1.18,0.09
1949,5,-2.94,-0.77,-2.42,0.1
1949,6,0.1,-0.88,-1.76,0.1
1949,7,5.54,0.57,0.38,0.09
1949,8,2.6,0.13,-0.57,0.09
1949,9,3.09,1.05,0.23,0.09
1949,10,3.14,1.03,-0.49,0.09
1949,11,1.82,-0.93,-0.91,0.08
1949,12,5.13,2.07,1.75,0.09
1950,1,1.7,3.36,0.14,0.09
1950,2,1.48,0.04,-0.81,0.09
1950,3,1.26,-1.41,-2.77,0.1
1950,4,3.94,1.99,1.34,0.09
1950,5,4.31,-2.12,0.46,0.1
1950,6,-5.94,-2.38,-0.78,0.1
1950,7,1.36,0.51,13.66,0.1
1950,8,4.85,0.73,-1.41,0.1
1950,9,4.81,0.57,-1.11,0.1
1950,10,-0.18,-0.58,1.44,0.12
1950,11,2.76,-0.84,3.17,0.11
1950,12,5.54,1.49,7.23,0.11
1951,1,5.7,1.73,3.72,0.13
1951,2,1.41,0.09,-2.83,0.1
1951,3,-2.15,-0.64,-4.22,0.11
1951,4,4.86,-1.49,3.28,0.13
1951,5,-2.34,-0.01,-1.33,0.12
1951,6,-2.62,-1.95,-3.96,0.12
1951,7,6.94,-1.99,2.01,0.13
1951,8,4.27,0.99,-0.16,0.13
1951,9,0.7,1.9,0.61,0.12
1951,10,-2.53,-0.22,0.25,0.16
1951,11,0.57,-0.29,-0.05,0.11
1951,12,3.33,-2.25,-1.56,0.12
1952,1,1.45,-0.61,1.54,0.15
1952,2,-2.62,0.79,-0.61,0.12
1952,3,4.44,-2.99,2.16,0.11
1952,4,-4.97,0.48,-0.1,0.12
1952,5,3.2,-1.01,0.08,0.13
1952,6,3.83,-1.61,1.23,0.15
1952,7,0.91,-0.4,-0.35,0.15
1952,8,-0.76,1.18,0.03,0.15
1952,9,-2.03,1.15,-1.51,0.16
1952,10,-0.66,-1.06,-0.45,0.14
1952,11,5.94,-0.71,0.95,0.1
1952,12,2.93,-1.48,0.18,0.16
1953,1,-0.34,3.58,1.32,0.16
1953,2,-0.27,2.15,-0.08,0.14
1953,3,-1.43,-0.19,-0.8,0.18
1953,4,-2.83,0.28,1.53,0.16
1953,5,0.52,-0.07,0.23,0.17
1953,6,-1.89,-1.86,-0.47,0.18
1953,7,2.4,-1.05,-0.24,0.15
1953,8,-4.52,0.36,-3.54,0.17
1953,9,0.2,-0.85,-2.42,0.16
1953,10,4.6,-1.37,-0.19,0.13
1953,11,2.83,-1.29,-0.17,0.08
1953,12,0.03,-0.84,-2.84,0.13
1954,1,5.13,0.46,3.51,0.11
1954,2,1.67,-0.17,-0.28,0.07
1954,3,3.65,-0.49,-1.46,0.08
1954,4,4.27,-3.48,-0.37,0.09
1954,5,3.09,0.39,2.46,0.05
1954,6,1.07,0.41,-0.03,0.06
1954,7,4.99,1.07,4.11,0.05
1954,8,-2.34,2.66,-1.36,0.05
1954,9,6.39,-2.54,0.66,0.09
1954,10,-1.67,0.59,0.72,0.07
1954,11,9.38,-2.62,4.36,0.06
1954,12,5.48,2.14,5.71,0.08
1955,1,0.6,0.25,2.18,0.08
1955,2,3.02,1.54,0.62,0.09
1955,3,-0.16,-0.66,1.95,0.1
1955,4,3.11,-1.79,0.81,0.1
1955,5,0.93,-0.29,-0.86,0.14
1955,6,6.55,-4.65,1.92,0.1
1955,7,1.9,-1.36,0.63,0.1
1955,8,0.21,-0.38,0.58,0.16
1955,9,-0.36,0.3,-1.06,0.16
1955,10,-2.68,1.5,-0.03,0.18
1955,11,7.03,-2.46,0.5,0.17
1955,12,1.49,2.08,-2.24,0.18
1956,1,-3.03,0.44,1.12,0.22
1956,2,3.77,-1.04,-0.53,0.19
1956,3,6.64,-2.42,-0.14,0.15
1956,4,0.28,0.07,-0.18,0.19
1956,5,-5.2,1.5,-1.33,0.23
1956,6,3.48,-1.46,-1.32,0.2
1956,7,4.84,-1.68,-0.01,0.22
1956,8,-3.18,1.9,-0.71,0.17
1956,9,-5.14,1.56,1.79,0.18
1956,10,0.52,-0.09,-0.06,0.25
1956,11,0.36,-0.22,1.78,0.2
1956,12,3.16,-0.03,-2.1,0.24
1957,1,-3.58,3.4,2.78,0.27
1957,2,-2.06,-0.72,-0.73,0.24
1957,3,2.13,0.27,-0.47,0.23
1957,4,4.26,-1.6,-1.51,0.25
1957,5,3.45,-1.07,-2.05,0.26
1957,6,-0.74,0.55,0.01,0.24
1957,7,0.66,-0.76,0.38,0.3
1957,8,-5.11,0.06,-0.45,0.25
1957,9,-5.98,0.08,0.88,0.26
1957,10,-4.32,-2.52,-1.83,0.29
1957,11,2.3,0.4,-2.9,0.28
1957,12,-3.91,-0.93,-1.71,0.24
1958,1,4.66,4.36,4.23,0.28
1958,2,-1.52,0.7,0.28,0.12
1958,3,3.27,0.63,-0.92,0.09
1958,4,3.09,-0.59,1.46,0.08
1958,5,2.31,2.24,-0.35,0.11
1958,6,2.93,-0.24,0.5,0.03
1958,7,4.39,0.47,3.12,0.07
1958,8,1.91,1.19,0.29,0.04
1958,9,4.66,0.15,2.96,0.19
1958,10,2.53,1.13,-1.18,0.18
1958,11,3.01,2.06,-1.29,0.11
1958,12,5.15,-2.07,-0.05,0.22
1959,1,0.71,3.02,2.98,0.21
1959,2,0.95,1.49,1.05,0.19
1959,3,0.28,1.48,-0.35,0.22
1959,4,3.66,-0.58,-1.22,0.2
1959,5,1.73,-2.15,1.87,0.22
1959,6,-0.25,0.68,1.33,0.25
1959,7,3.17,-0.32,0.26,0.25
1959,8,-1.39,-0.78,0.44,0.19
1959,9,-4.8,-0.09,0.57,0.31
1959,10,1.28,1.43,-2.05,0.3
1959,11,1.6,1.24,-3.27,0.26
1959,12,2.45,-0.6,-0.03,0.34
1960,1,-6.98,2.09,2.73,0.33
1960,2,1.17,0.51,-1.99,0.29
1960,3,-1.63,-0.51,-2.85,0.35
1960,4,-1.71,0.31,-2.23,0.19
1960,5,3.12,1.21,-3.76,0.27
1960,6,2.08,-0.22,-0.34,0.24
1960,7,-2.37,-0.51,2.01,0.13
1960,8,3.01,0.88,-0.17,0.17
1960,9,-5.99,-1.1,1.55,0.16
1960,10,-0.71,-4,2.66,0.22
1960,11,4.69,0.39,-2.52,0.13
1960,12,4.71,-1.58,-0.76,0.16
1961,1,6.2,0.66,3.7,0.19
1961,2,3.57,3.98,-0.74,0.14
1961,3,2.89,3.31,-0.83,0.2
1961,4,0.29,0.07,2.1,0.17
1961,5,2.4,2,0.4,0.18
1961,6,-3.08,-2.45,-0.21,0.2
1961,7,2.83,-1.88,-0.11,0.18
1961,8,2.57,-1.75,-0.28,0.14
1961,9,-2.15,-1.05,-0.58,0.17
1961,10,2.57,-1.61,0.12,0.19
1961,11,4.45,1.24,-1.19,0.15
1961,12,-0.18,-0.83,1.83,0.19
1962,1,-3.87,1.78,5.09,0.24
1962,2,1.81,-1.16,0.85,0.2
1962,3,-0.68,0.53,-1.43,0.2
1962,4,-6.59,-0.68,0.03,0.22
1962,5,-8.65,-3.33,2.78,0.24
1962,6,-8.47,-0.57,2.54,0.2
1962,7,6.28,1.49,-3.44,0.27
1962,8,2.13,1.23,-1.19,0.23
1962,9,-5.22,-2.43,1.23,0.21
1962,10,-0.05,-3.97,1.29,0.25
1962,11,10.87,2.61,1.01,0.2
1962,12,1.01,-3.8,0.33,0.23
1963,1,4.93,3.06,2.26,0.25
1963,2,-2.38,0.5,2.21,0.23
1963,3,3.08,-2.62,2.1,0.23
1963,4,4.51,-1.31,1.01,0.25
1963,5,1.76,1.12,2.5,0.24
1963,6,-2,-0.25,0.7,0.23
1963,7,-0.39,-0.56,-0.83,0.27
1963,8,5.07,-0.94,1.67,0.25
1963,9,-1.57,-0.3,0.18,0.27
1963,10,2.53,-0.54,-0.1,0.29
1963,11,-0.85,-1.13,1.71,0.27
1963,12,1.83,-1.97,-0.12,0.29
1964,1,2.24,-0.19,1.59,0.3
1964,2,1.54,0.1,2.83,0.26
1964,3,1.41,0.99,3.32,0.31
1964,4,0.1,-1.37,-0.55,0.29
1964,5,1.42,-0.9,1.98,0.26
1964,6,1.27,-0.26,0.68,0.3
1964,7,1.74,0.28,0.68,0.3
1964,8,-1.44,0.09,0.09,0.28
1964,9,2.69,-0.51,1.65,0.28
1964,10,0.59,0.43,1.14,0.29
1964,11,0,0.61,-1.98,0.29
1964,12,0.03,-0.26,-2.55,0.31
1965,1,3.54,2.7,0.18,0.28
1965,2,0.44,3.48,0.22,0.3
1965,3,-1.34,1.79,1.09,0.36
1965,4,3.11,1.2,0.71,0.31
1965,5,-0.77,0.04,-1.63,0.31
1965,6,-5.51,-4.35,0.55,0.35
1965,7,1.43,0.87,2.18,0.31
1965,8,2.73,2.81,-0.96,0.33
1965,9,2.86,0.61,-0.1,0.31
1965,10,2.6,2.48,1.52,0.31
1965,11,-0.03,4.68,0.21,0.35
1965,12,1.01,2.08,1.95,0.33
1966,1,0.72,3.89,3.49,0.38
1966,2,-1.21,4.54,0.27,0.35
1966,3,-2.51,0.94,-2.07,0.38
1966,4,2.14,3.45,-0.54,0.34
1966,5,-5.66,-4.7,-1.55,0.41
1966,6,-1.44,1.02,0.5,0.38
1966,7,-1.63,-0.44,0.96,0.35
1966,8,-7.91,-3.23,0.47,0.41
1966,9,-1.06,-1.07,0.53,0.4
1966,10,3.86,-6.64,2.87,0.45
1966,11,1.4,4.22,-4.46,0.4
1966,12,0.13,1.86,-1.22,0.4
1967,1,8.15,8.32,2.22,0.43
1967,2,0.78,3.34,-2.17,0.36
1967,3,3.99,1.63,0.31,0.39
1967,4,3.89,0.62,-2.64,0.32
1967,5,-4.33,1.98,0.8,0.33
1967,6,2.41,5.96,0.96,0.27
1967,7,4.58,3.08,2.65,0.31
1967,8,-0.89,0.47,1.46,0.31
1967,9,3.11,3.1,-2.47,0.32
1967,10,-3.09,1.42,-3.39,0.39
1967,11,0.37,0.2,-1.71,0.36
1967,12,3.05,5.73,-0.39,0.33
1968,1,-4.06,3.91,4.75,0.4
1968,2,-3.75,-2.95,1.17,0.39
1968,3,0.2,-1.28,-0.59,0.38
1968,4,9.05,5.73,-1.03,0.43
1968,5,2.28,6.43,0.84,0.45
1968,6,0.69,-0.17,0.67,0.43
1968,7,-2.72,-1.3,5.48,0.48
1968,8,1.34,2.34,1,0.42
1968,9,4.03,2.76,0.23,0.43
1968,10,0.42,-0.47,2.89,0.44
1968,11,5.43,2.35,-0.9,0.42
1968,12,-3.94,3.44,0.02,0.43
1969,1,-1.25,-0.78,1.69,0.53
1969,2,-5.84,-3.89,0.91,0.46
1969,3,2.64,-0.25,-0.46,0.46
1969,4,1.46,-0.88,0.03,0.53
1969,5,-0.1,-0.27,0.73,0.48
1969,6,-7.18,-5.39,-1.09,0.51
1969,7,-7,-3.21,1.42,0.53
1969,8,4.68,0.94,-3.87,0.5
1969,9,-2.98,1.2,-3.19,0.62
1969,10,5.06,3.81,-3.19,0.6
1969,11,-3.79,-2.53,-1.12,0.52
1969,12,-2.63,-3.67,-3.02,0.64
1970,1,-8.1,2.9,3.04,0.6
1970,2,5.13,-2.4,4.04,0.62
1970,3,-1.06,-2.32,4.25,0.57
1970,4,-11,-6.11,6.4,0.5
1970,5,-6.92,-4.52,3.6,0.53
1970,6,-5.79,-2.16,0.87,0.58
1970,7,6.93,-0.54,0.96,0.52
1970,8,4.49,1.52,1.03,0.53
1970,9,4.18,8.62,-5.58,0.54
1970,10,-2.28,-4.28,0.27,0.46
1970,11,4.6,-4.07,1.63,0.46
1970,12,5.72,2.97,1.01,0.42
1971,1,4.84,7.37,1.38,0.38
1971,2,1.41,1.88,-1.29,0.33
1971,3,4.13,2.54,-4.04,0.3
1971,4,3.15,-0.49,0.72,0.28
1971,5,-3.98,-1.1,-1.38,0.29
1971,6,-0.1,-1.42,-2.06,0.37
1971,7,-4.5,-1.5,0.17,0.4
1971,8,3.79,-0.16,2.67,0.47
1971,9,-0.85,0.41,-2.96,0.37
1971,10,-4.42,-1.8,-0.43,0.37
1971,11,-0.46,-2.85,-1.7,0.37
1971,12,8.71,3.32,-0.35,0.37
1972,1,2.49,6.12,1.99,0.29
1972,2,2.87,1.37,-2.76,0.25
1972,3,0.63,-0.27,-1.73,0.27
1972,4,0.29,0.01,0.23,0.29
1972,5,1.25,-2.79,-2.69,0.3
1972,6,-2.43,0.33,-2.51,0.29
1972,7,-0.8,-2.89,0.78,0.31
1972,8,3.26,-4.09,4.69,0.29
1972,9,-1.14,-2.67,0.47,0.34
1972,10,0.52,-2.74,1.37,0.4
1972,11,4.6,-1.11,4.76,0.37
1972,12,0.62,-1.86,-2.27,0.37
1973,1,-3.29,-3.48,2.68,0.44
1973,2,-4.85,-3.99,1.7,0.41
1973,3,-1.3,-2.82,2.78,0.46
1973,4,-5.68,-3.99,5.69,0.52
1973,5,-2.94,-6.12,0.21,0.51
1973,6,-1.56,-2.95,1.44,0.51
1973,7,5.05,7.92,-5.35,0.64
1973,8,-3.82,-2.02,1.13,0.7
1973,9,4.75,2.94,2.19,0.68
1973,10,-0.83,-0.23,1.75,0.65
1973,11,-12.75,-7.71,4.09,0.56
1973,12,0.61,-5.29,4.1,0.64
1974,1,-0.17,9.76,5.98,0.63
1974,2,-0.47,0.04,2.56,0.58
1974,3,-2.81,2.51,-0.11,0.56
1974,4,-5.29,-0.7,1.03,0.75
1974,5,-4.68,-3,-2.07,0.75
1974,6,-2.83,-0.2,0.77,0.6
1974,7,-8.05,0.92,5.14,0.7
1974,8,-9.35,-0.68,2.5,0.6
1974,9,-11.77,0.27,5.49,0.81
1974,10,16.1,-3.51,-9.99,0.51
1974,11,-4.51,-1.17,-0.16,0.54
1974,12,-3.45,-4.84,0,0.7
1975,1,13.66,11.01,8.44,0.58
1975,2,5.56,0.16,-4.56,0.43
1975,3,2.66,3.75,2.49,0.41
1975,4,4.23,-0.54,-1.11,0.44
1975,5,5.19,3.83,-4.02,0.44
1975,6,4.83,0.76,1.32,0.41
1975,7,-6.59,2.69,1.7,0.48
1975,8,-2.85,-3.2,-0.9,0.48
1975,9,-4.26,-0.13,0.34,0.53
1975,10,5.31,-4.02,0.3,0.56
1975,11,2.64,-1.19,1.99,0.41
1975,12,-1.6,-0.76,1.75,0.48
1976,1,12.16,4.8,8.58,0.47
1976,2,0.32,7.03,5.78,0.34
1976,3,2.32,-1.17,-0.04,0.4
1976,4,-1.49,-0.03,-0.06,0.42
1976,5,-1.34,-1.24,-1.32,0.37
1976,6,4.05,-1.35,0.68,0.43
1976,7,-1.07,0.3,1.74,0.47
1976,8,-0.56,-2.01,0.79,0.42
1976,9,2.07,0,-0.29,0.44
1976,10,-2.42,0.25,-0.12,0.41
1976,11,0.36,2.32,1.52,0.4
1976,12,5.65,3,2.21,0.4
1977,1,-4.05,4.78,4.26,0.36
1977,2,-1.94,1.08,0.5,0.35
1977,3,-1.37,0.99,1.02,0.38
1977,4,0.15,-0.1,3.47,0.38
1977,5,-1.45,1.18,0.84,0.37
1977,6,4.71,2.13,-0.64,0.4
1977,7,-1.69,2.12,-0.59,0.42
1977,8,-1.75,1.52,-2.79,0.44
1977,9,-0.27,1.45,-0.49,0.43
1977,10,-4.38,1.27,1.72,0.49
1977,11,4,3.72,0.31,0.5
1977,12,0.27,1.35,-0.37,0.49
1978,1,-6.01,2.22,3.31,0.49
1978,2,-1.38,3.59,0.76,0.46
1978,3,2.85,3.48,1.2,0.53
1978,4,7.88,0.4,-3.54,0.54
1978,5,1.76,4.56,-0.62,0.51
1978,6,-1.69,1.69,0.59,0.54
1978,7,5.11,0.26,-1.11,0.56
1978,8,3.75,5.06,-0.46,0.56
1978,9,-1.43,-0.39,1.87,0.62
1978,10,-11.91,-9.88,1.36,0.68
1978,11,2.71,3.01,-2.22,0.7
1978,12,0.88,1.24,-2.19,0.78
1979,1,4.23,3.66,2.27,0.77
1979,2,-3.56,0.45,1.2,0.73
1979,3,5.68,3.19,-0.67,0.81
1979,4,-0.06,2.18,1.05,0.8
1979,5,-2.21,0.16,1.32,0.82
1979,6,3.85,1.17,1.48,0.81
1979,7,0.82,1.26,1.7,0.77
1979,8,5.53,2.08,-1.55,0.77
1979,9,-0.82,-0.25,-0.87,0.83
1979,10,-8.1,-3.34,-1.86,0.87
1979,11,5.21,2.74,-3.25,0.99
1979,12,1.79,4.17,-1.98,0.95
1980,1,5.51,1.65,1.8,0.8
1980,2,-1.22,-1.82,0.62,0.89
1980,3,-12.9,-6.64,-1.06,1.21
1980,4,3.97,0.97,1.06,1.26
1980,5,5.26,2.16,0.39,0.81
1980,6,3.06,1.67,-0.89,0.61
1980,7,6.49,4.25,-6.3,0.53
1980,8,1.8,3.92,-2.64,0.64
1980,9,2.19,0.89,-4.79,0.75
1980,10,1.06,2.47,-2.74,0.95
1980,11,9.59,-3.45,-8.35,0.96
1980,12,-4.52,-0.28,2.68,1.31
1981,1,-5.04,3,6.84,1.04
1981,2,0.57,-0.31,0.97,1.07
1981,3,3.56,3.58,0.67,1.21
1981,4,-2.11,4.42,2.26,1.08
1981,5,0.11,2,-0.43,1.15
1981,6,-2.36,-0.85,5.13,1.35
1981,7,-1.54,-2.18,-0.66,1.24
1981,8,-7.04,-1.95,4.84,1.28
1981,9,-7.17,-2.66,5.2,1.24
1981,10,4.92,2.13,-4.21,1.21
1981,11,3.36,-0.96,1.9,1.07
1981,12,-3.65,1.17,0.74,0.87
1982,1,-3.24,-1.29,3.17,0.8
1982,2,-5.86,0.49,6.1,0.92
1982,3,-1.87,-0.19,3.78,0.98
1982,4,3.27,1.51,-2.78,1.13
1982,5,-3.99,0.47,1.81,1.06
1982,6,-3.09,-0.4,1.54,0.96
1982,7,-3.19,0.84,0.15,1.05
1982,8,11.14,-4.11,1.16,0.76
1982,9,1.29,2.88,0.34,0.51
1982,10,11.3,2.35,-3.68,0.59
1982,11,4.67,4.77,-1.96,0.63
1982,12,0.55,-0.18,0.01,0.67
1983,1,3.6,2.7,-0.86,0.69
1983,2,2.59,3.23,0.67,0.62
1983,3,2.82,1.77,2.07,0.63
1983,4,6.67,0.53,0.6,0.71
1983,5,0.52,6.16,-1.4,0.69
1983,6,3.07,0.91,-3.87,0.67
1983,7,-4.07,1.46,5.62,0.74
1983,8,-0.5,-4.3,5.55,0.76
1983,9,0.91,0.56,1.09,0.76
1983,10,-3.44,-3.6,5.06,0.76
1983,11,2.16,2.04,-0.62,0.7
1983,12,-1.78,-0.29,1.67,0.73
1984,1,-1.92,-0.43,7.63,0.76
1984,2,-4.82,-1.71,3.36,0.71
1984,3,0.63,0.07,0.48,0.73
1984,4,-0.51,-1.2,1.29,0.81
1984,5,-5.97,0.03,0.26,0.78
1984,6,1.82,-0.32,-2.6,0.75
1984,7,-2.74,-2.21,0.49,0.82
1984,8,10.28,-0.25,-1.85,0.83
1984,9,-0.8,0.2,5.32,0.86
1984,10,-0.84,-1.2,0.51,1
1984,11,-1.76,-0.62,4.08,0.73
1984,12,1.84,-0.6,-0.17,0.64
1985,1,7.99,3.27,-5.43,0.65
1985,2,1.22,0.76,-0.12,0.58
1985,3,-0.84,-1.15,4.1,0.62
1985,4,-0.96,0.14,3.73,0.72
1985,5,5.09,-2.25,-0.86,0.66
1985,6,1.27,0.46,0.4,0.55
1985,7,-0.74,2.85,-1.63,0.62
1985,8,-1.02,-0.34,2.28,0.55
1985,9,-4.54,-1.58,1.32,0.6
1985,10,4.02,-1.57,0.78,0.65
1985,11,6.48,0.23,-2.87,0.61
1985,12,3.88,-0.49,-1.53,0.65
1986,1,0.65,1.22,0.53,0.56
1986,2,7.13,-0.65,-0.94,0.53
1986,3,4.88,-0.52,-0.44,0.6
1986,4,-1.31,2.84,-2.85,0.52
1986,5,4.62,-1.32,-0.11,0.49
1986,6,1.03,-0.91,1.4,0.52
1986,7,-6.45,-3.38,4.78,0.52
1986,8,6.07,-4.17,3.52,0.46
1986,9,-8.6,2.28,3.19,0.45
1986,10,4.66,-2.48,-1.32,0.46
1986,11,1.17,-1.92,-0.06,0.39
1986,12,-3.27,0.08,0.37,0.49
1987,1,12.47,-1.81,-3.18,0.42
1987,2,4.39,3.49,-5.99,0.43
1987,3,1.64,0.37,1.66,0.47
1987,4,-2.11,-1.69,-0.33,0.44
1987,5,0.11,-0.53,0.13,0.38
1987,6,3.94,-2.18,1.07,0.48
1987,7,3.85,-0.67,0.66,0.46
1987,8,3.52,-0.72,-0.9,0.47
1987,9,-2.59,0.52,0.28,0.45
1987,10,-23.24,-8.43,4.23,0.6
1987,11,-7.77,2.77,3.14,0.35
1987,12,6.81,0.13,-4.49,0.39
1988,1,4.21,-0.77,5.08,0.29
1988,2,4.75,3.36,-1.65,0.46
1988,3,-2.27,6.16,0.74,0.44
1988,4,0.56,0.96,1.69,0.46
1988,5,-0.29,-2.64,2.3,0.51
1988,6,4.79,2.16,-1.07,0.49
1988,7,-1.25,-0.21,2.27,0.51
1988,8,-3.31,0.04,2.03,0.59
1988,9,3.3,-1.25,-0.68,0.62
1988,10,1.15,-2.9,1.71,0.61
1988,11,-2.29,-1.74,1.24,0.57
1988,12,1.49,1.95,-1.55,0.63
1989,1,6.1,-2.14,0.51,0.55
1989,2,-2.25,2.76,0.87,0.61
1989,3,1.57,0.74,0.46,0.67
1989,4,4.33,-0.59,-1.45,0.67
1989,5,3.35,-0.04,-0.82,0.79
1989,6,-1.35,-1.01,2.19,0.71
1989,7,7.2,-4.02,-2.83,0.7
1989,8,1.44,0.51,0.76,0.74
1989,9,-0.76,0.26,-1.35,0.65
1989,10,-3.67,-3.32,-1.07,0.68
1989,11,1.03,-1.25,-1.14,0.69
1989,12,1.16,-2.41,0.24,0.61
1990,1,-7.85,-1.29,0.85,0.57
1990,2,1.11,1.04,0.63,0.57
1990,3,1.83,1.53,-2.89,0.64
1990,4,-3.36,-0.49,-2.55,0.69
1990,5,8.42,-2.56,-3.72,0.68
1990,6,-1.09,1.42,-1.95,0.63
1990,7,-1.9,-3.21,0.06,0.68
1990,8,-10.15,-3.56,1.57,0.66
1990,9,-6.12,-3.65,0.74,0.6
1990,10,-1.92,-5.53,0.27,0.68
1990,11,6.35,0.31,-3.23,0.57
1990,12,2.46,0.77,-1.54,0.6
1991,1,4.69,3.78,-1.93,0.52
1991,2,7.19,3.96,-0.56,0.48
1991,3,2.65,3.9,-1.21,0.44
1991,4,-0.28,0.5,1.44,0.53
1991,5,3.65,-0.36,-0.63,0.47
1991,6,-4.94,0.07,1.17,0.42
1991,7,4.24,-0.92,-1.25,0.49
1991,8,2.32,1.6,-0.78,0.46
1991,9,-1.59,1.63,-1,0.46
1991,10,1.29,0.88,-0.43,0.42
1991,11,-4.19,-0.47,-1.93,0.39
1991,12,10.84,-2.25,-4.03,0.38
1992,1,-0.59,8.47,4.51,0.34
1992,2,1.09,0.88,6.37,0.28
1992,3,-2.66,-1.03,3.65,0.34
1992,4,1.07,-6.12,4.31,0.32
1992,5,0.3,0.4,1.28,0.28
1992,6,-2.34,-3.09,3.4,0.32
1992,7,3.77,-0.45,-0.52,0.31
1992,8,-2.38,-0.1,-0.97,0.26
1992,9,1.19,0.58,-0.23,0.26
1992,10,1.02,2.02,-2,0.23
1992,11,4.13,3.67,-1.43,0.23
1992,12,1.53,1.63,2.59,0.28
1993,1,0.93,2,5.93,0.23
1993,2,0.12,-3.44,6.42,0.22
1993,3,2.3,0.22,1.27,0.25
1993,4,-3.05,-0.65,2.52,0.24
1993,5,2.89,1.96,-3.48,0.22
1993,6,0.31,-0.34,2.6,0.25
1993,7,-0.34,0.92,2.89,0.24
1993,8,3.71,0.17,0.12,0.25
1993,9,-0.12,3.03,-0.22,0.26
1993,10,1.41,2.03,-2.76,0.22
1993,11,-1.89,-1.23,-0.77,0.25
1993,12,1.65,1.22,0.34,0.23
1994,1,2.87,0.39,1.12,0.25
1994,2,-2.55,2.79,-1.57,0.21
1994,3,-4.78,-1.14,1.63,0.27
1994,4,0.68,-0.96,1.72,0.27
1994,5,0.58,-2.11,0.58,0.31
1994,6,-3.03,-0.41,1.74,0.31
1994,7,2.82,-1.81,0.61,0.28
1994,8,4.01,1.41,-2.46,0.37
1994,9,-2.31,3.12,-1.91,0.37
1994,10,1.34,-2.24,-1.65,0.38
1994,11,-4.04,0.27,-0.77,0.37
1994,12,0.86,0.31,-0.19,0.44
1995,1,1.8,-3.5,2.54,0.42
1995,2,3.63,-0.66,1.13,0.4
1995,3,2.19,-0.19,-2.15,0.46
1995,4,2.11,-0.54,1.73,0.44
1995,5,2.9,-2.53,2.2,0.54
1995,6,2.72,3.15,-2.56,0.47
1995,7,3.72,2.1,-1.67,0.45
1995,8,0.55,1.35,2.98,0.47
1995,9,3.35,-2.27,0,0.43
1995,10,-1.52,-3.84,-0.37,0.47
1995,11,3.96,-1.18,0.65,0.42
1995,12,1.03,0.63,0.28,0.49
1996,1,2.26,-2.64,0.29,0.43
1996,2,1.33,1.82,-1.08,0.39
1996,3,0.73,1.53,0.45,0.39
1996,4,2.06,5.25,-4.13,0.46
1996,5,2.36,3.09,-0.89,0.42
1996,6,-1.14,-3.93,2.33,0.4
1996,7,-5.97,-4.29,5.18,0.45
1996,8,2.77,2.44,-0.79,0.41
1996,9,5.01,-0.97,-2.8,0.44
1996,10,0.86,-4.43,4.87,0.42
1996,11,6.25,-4.05,1.45,0.41
1996,12,-1.7,3.1,1.23,0.46
1997,1,4.98,-1.95,-1.51,0.45
1997,2,-0.49,-3.26,5.75,0.39
1997,3,-5.02,-0.4,3.43,0.43
1997,4,4.04,-5.72,0.02,0.43
1997,5,6.74,5.13,-4.08,0.49
1997,6,4.1,1.2,1.54,0.37
1997,7,7.33,-2.73,0.32,0.43
1997,8,-4.15,7.32,1.16,0.41
1997,9,5.35,2.54,0.27,0.44
1997,10,-3.8,-0.79,2.31,0.42
1997,11,2.98,-5.14,1.24,0.39
1997,12,1.32,-2.7,4.1,0.48
1998,1,0.15,-1.02,-1.64,0.43
1998,2,7.04,0.21,-0.59,0.39
1998,3,4.76,-1.17,1.46,0.39
1998,4,0.73,0.03,0.96,0.43
1998,5,-3.07,-3.39,3.35,0.4
1998,6,3.18,-3.35,-1.87,0.41
1998,7,-2.46,-4.92,-1.62,0.4
1998,8,-16.08,-5.65,3.68,0.43
1998,9,6.15,0.08,-3.39,0.46
1998,10,7.13,-3.14,-2.3,0.32
1998,11,6.1,1.2,-3.21,0.31
1998,12,6.16,-0.54,-4.14,0.38
1999,1,3.5,0.78,-4.95,0.35
1999,2,-4.08,-6.08,1.89,0.35
1999,3,3.45,-3.75,-2.78,0.43
1999,4,4.33,3.99,2.38,0.37
1999,5,-2.46,3.36,2.4,0.34
1999,6,4.77,3.11,-3.6,0.4
1999,7,-3.49,2.58,-0.38,0.38
1999,8,-1.38,-0.98,-1.67,0.39
1999,9,-2.79,3.39,-3.54,0.39
1999,10,6.12,-6.7,-3.3,0.39
1999,11,3.37,7.11,-6.12,0.36
1999,12,7.72,7.02,-8.39,0.44
2000,1,-4.74,5.62,-1.46,0.41
2000,2,2.45,21.13,-9.05,0.43
2000,3,5.2,-16.72,7.49,0.47
2000,4,-6.4,-7.04,7.68,0.46
2000,5,-4.42,-6.21,4.91,0.5
2000,6,4.64,12.6,-8.19,0.4
2000,7,-2.51,-3.1,8.38,0.48
2000,8,7.03,-0.68,-1.46,0.5
2000,9,-5.45,-1.89,7.3,0.51
2000,10,-2.76,-3.8,5.69,0.56
2000,11,-10.72,-3.47,12.55,0.51
2000,12,1.19,0.72,7.57,0.5
2001,1,3.13,6.74,-5.28,0.54
2001,2,-10.05,-0.82,12.6,0.38
2001,3,-7.26,0.17,6.52,0.42
2001,4,7.94,0.59,-4.74,0.39
2001,5,0.72,2.52,3.38,0.32
2001,6,-1.94,6.24,-1.2,0.28
2001,7,-2.13,-4.45,5.6,0.3
2001,8,-6.46,2.4,2.52,0.31
2001,9,-9.25,-6.33,1.72,0.28
2001,10,2.46,7.68,-7.94,0.22
2001,11,7.54,-0.34,1.91,0.17
2001,12,1.61,4.61,1.2,0.15
2002,1,-1.44,1.09,3.48,0.14
2002,2,-2.29,-1.13,2.46,0.13
2002,3,4.24,4.21,0.97,0.13
2002,4,-5.2,5.82,4.15,0.15
2002,5,-1.38,-3.28,1.64,0.14
2002,6,-7.21,4.21,0.03,0.13
2002,7,-8.18,-5.24,-3.51,0.15
2002,8,0.5,-2.93,3.2,0.14
2002,9,-10.35,2.36,1.68,0.14
2002,10,7.84,-3.44,-4.14,0.14
2002,11,5.96,3.24,-1.53,0.12
2002,12,-5.76,-0.02,2.38,0.11
2003,1,-2.57,1.32,-0.75,0.1
2003,2,-1.88,-0.45,-1.28,0.09
2003,3,1.09,0.9,-2.1,0.1
2003,4,8.22,0.67,0.88,0.1
2003,5,6.05,4.48,0.01,0.09
2003,6,1.42,1.8,0.38,0.1
2003,7,2.35,5.22,-1.06,0.07
2003,8,2.34,2.69,1.58,0.07
2003,9,-1.24,0.7,0.08,0.08
2003,10,6.08,2.64,1.83,0.07
2003,11,1.35,2,1.81,0.07
2003,12,4.29,-2.76,1.61,0.08
2004,1,2.15,2.52,2.49,0.07
2004,2,1.4,-1.56,0.86,0.06
2004,3,-1.32,1.75,0.25,0.09
2004,4,-1.83,-1.73,-3.04,0.08
2004,5,1.17,-0.24,-0.27,0.06
2004,6,1.86,2.26,1.22,0.08
2004,7,-4.06,-3.83,3.36,0.1
2004,8,0.08,-1.55,1.01,0.11
2004,9,1.6,3,-0.05,0.11
2004,10,1.43,0.11,-0.32,0.11
2004,11,4.54,3.73,1.47,0.15
2004,12,3.43,-0.1,-0.13,0.16
2005,1,-2.76,-1.69,2.09,0.16
2005,2,1.89,-0.53,1.6,0.16
2005,3,-1.97,-1.36,2.14,0.21
2005,4,-2.61,-3.97,0.02,0.21
2005,5,3.65,2.78,-0.61,0.24
2005,6,0.57,2.52,2.84,0.23
2005,7,3.92,2.89,-0.85,0.24
2005,8,-1.22,-0.95,1.24,0.3
2005,9,0.49,-0.61,0.76,0.29
2005,10,-2.02,-1.23,0.36,0.27
2005,11,3.61,0.99,-1.21,0.31
2005,12,-0.25,-0.46,0.25,0.32
2006,1,3.04,5.43,0.9,0.35
2006,2,-0.3,-0.41,-0.31,0.34
2006,3,1.46,3.46,0.56,0.37
2006,4,0.73,-1.43,2.39,0.36
2006,5,-3.57,-3.1,2.47,0.43
2006,6,-0.35,-0.35,0.93,0.4
2006,7,-0.78,-4,2.61,0.4
2006,8,2.03,1.05,-1.97,0.42
2006,9,1.84,-1.29,0.07,0.41
2006,10,3.23,1.69,-0.27,0.41
2006,11,1.71,0.78,0.06,0.42
2006,12,0.87,-1.13,2.7,0.4
2007,1,1.4,0.17,-0.68,0.44
2007,2,-1.96,1.31,-0.15,0.38
2007,3,0.68,0.1,-0.81,0.43
2007,4,3.49,-2.17,-1.4,0.44
2007,5,3.24,0.26,-0.63,0.41
2007,6,-1.96,0.76,-1.1,0.4
2007,7,-3.73,-2.46,-3.6,0.4
2007,8,0.92,-0.17,-1.98,0.42
2007,9,3.22,-2.26,-2.24,0.32
2007,10,1.8,0.2,-2.76,0.32
2007,11,-4.83,-2.77,-1.09,0.34
2007,12,-0.87,0.12,-0.57,0.27
2008,1,-6.36,-0.87,3.75,0.21
2008,2,-3.09,-0.35,-0.71,0.13
2008,3,-0.93,0.79,0.09,0.17
2008,4,4.6,-1.6,-0.98,0.18
2008,5,1.86,3.05,-1.36,0.18
2008,6,-8.44,1.13,-2.66,0.17
2008,7,-0.77,2.45,5.43,0.15
2008,8,1.53,3.53,1.54,0.13
2008,9,-9.24,-1.21,6.27,0.15
2008,10,-17.23,-2.52,-2.29,0.08
2008,11,-7.86,-2.87,-6.04,0.03
2008,12,1.74,3.56,0.08,0
2009,1,-8.12,0.36,-11.06,0
2009,2,-10.1,0.18,-6.76,0.01
2009,3,8.95,-0.03,3.29,0.02
2009,4,10.18,5.15,4.86,0.01
2009,5,5.21,-2.58,0.37,0
2009,6,0.43,2.57,-2.58,0.01
2009,7,7.72,1.88,4.96,0.01
2009,8,3.33,-1.12,7.59,0.01
2009,9,4.08,2.41,0.87,0.01
2009,10,-2.59,-4.18,-4.04,0
2009,11,5.56,-2.48,-0.29,0
2009,12,2.75,6.12,-0.11,0.01
2010,1,-3.36,0.37,0.29,0
2010,2,3.4,1.19,3.18,0
2010,3,6.31,1.43,2.16,0.01
2010,4,2,4.86,2.93,0.01
2010,5,-7.89,0.15,-2.4,0.01
2010,6,-5.57,-1.84,-4.52,0.01
2010,7,6.93,0.17,-0.33,0.01
2010,8,-4.77,-3.03,-1.91,0.01
2010,9,9.54,3.94,-3.27,0.01
2010,10,3.88,1.04,-2.51,0.01
2010,11,0.6,3.77,-1.02,0.01
2010,12,6.82,0.69,3.67,0.01
2011,1,1.99,-2.52,0.75,0.01
2011,2,3.49,1.53,1.36,0.01
2011,3,0.46,2.59,-1.72,0.01
2011,4,2.9,-0.38,-2.45,0
2011,5,-1.27,-0.57,-2.16,0
2011,6,-1.75,-0.13,-0.48,0
2011,7,-2.35,-1.4,-0.83,0
2011,8,-5.99,-3.08,-2.42,0.01
2011,9,-7.59,-3.37,-1.63,0
2011,10,11.35,3.36,0.13,0
2011,11,-0.28,-0.13,-0.33,0
2011,12,0.74,-0.63,1.73,0
2012,1,5.05,2.07,-0.99,0
2012,2,4.42,-1.83,0.32,0
2012,3,3.11,-0.71,1.19,0
2012,4,-0.85,-0.37,-0.8,0
2012,5,-6.19,0.09,-0.78,0.01
2012,6,3.89,0.78,0.63,0
2012,7,0.79,-2.62,-0.07,0
2012,8,2.55,0.42,1.21,0.01
2012,9,2.73,0.49,1.53,0.01
2012,10,-1.76,-1.13,3.68,0.01
2012,11,0.78,0.54,-0.94,0.01
2012,12,1.18,1.45,3.52,0.01
2013,1,5.57,0.36,0.91,0
2013,2,1.29,-0.41,0.07,0
2013,3,4.03,0.75,-0.2,0
2013,4,1.55,-2.42,0.55,0
2013,5,2.8,1.62,2.65,0
2013,6,-1.2,1.15,-0.02,0
2013,7,5.65,1.87,0.58,0
2013,8,-2.71,0.3,-2.67,0
2013,9,3.77,2.89,-1.19,0
2013,10,4.18,-1.53,1.2,0
2013,11,3.13,1.18,0.31,0
2013,12,2.81,-0.58,-0.05,0
2014,1,-3.32,0.87,-2.02,0
2014,2,4.65,0.31,-0.37,0
2014,3,0.43,-1.85,4.91,0
2014,4,-0.19,-4.21,1.11,0
2014,5,2.06,-1.91,-0.12,0
2014,6,2.61,3.08,-0.68,0
2014,7,-2.04,-4.26,-0.02,0
2014,8,4.24,0.38,-0.58,0
2014,9,-1.97,-3.78,-1.31,0
2014,10,2.52,4.28,-1.82,0
2014,11,2.55,-2.09,-2.87,0
2014,12,-0.06,2.52,2.18,0
2015,1,-3.11,-0.56,-3.5,0
2015,2,6.14,0.53,-1.89,0
2015,3,-1.12,3.02,-0.43,0
2015,4,0.59,-3.01,1.84,0
2015,5,1.36,0.93,-1.19,0
2015,6,-1.53,2.84,-0.76,0
2015,7,1.54,-4.09,-4.19,0
2015,8,-6.04,0.47,2.63,0
2015,9,-3.07,-2.61,0.51,0
2015,10,7.75,-1.99,-0.21,0
2015,11,0.56,3.67,-0.53,0
2015,12,-2.17,-2.84,-2.52,0.01
2016,1,-5.77,-3.34,1.98,0.01
2016,2,-0.08,0.84,-0.56,0.02
2016,3,6.96,0.83,1.06,0.02
2016,4,0.92,0.67,3.3,0.01
2016,5,1.78,-0.26,-1.72,0.01
2016,6,-0.05,0.65,-1.46,0.02
2016,7,3.95,2.62,-1.23,0.02
2016,8,0.5,1.16,3.24,0.02
2016,9,0.25,2.03,-1.2,0.02
2016,10,-2.02,-4.42,4.04,0.02
2016,11,4.86,5.46,8.15,0.01
2016,12,1.81,0.11,3.49,0.03
2017,1,1.94,-1.04,-2.77,0.04
2017,2,3.57,-1.99,-1.78,0.04
2017,3,0.17,1.16,-3.25,0.03
2017,4,1.09,0.71,-2.05,0.05
2017,5,1.06,-2.59,-3.69,0.06
2017,6,0.78,2.15,1.43,0.06
2017,7,1.87,-1.47,-0.33,0.07
2017,8,0.16,-1.6,-2.3,0.09
2017,9,2.51,4.47,3.11,0.09
2017,10,2.25,-1.94,0.07,0.09
2017,11,3.12,-0.59,-0.06,0.08
2017,12,1.06,-1.31,0.27,0.09
2018,1,5.58,-3.1,-1.24,0.11
2018,2,-3.65,0.3,-1.02,0.11
2018,3,-2.35,4.05,-0.14,0.12
2018,4,0.29,1.14,0.46,0.14
2018,5,2.65,5.28,-3.15,0.14
2018,6,0.48,1.18,-2.27,0.14
2018,7,3.19,-2.21,0.58,0.16
2018,8,3.44,1.08,-3.87,0.16
2018,9,0.06,-2.24,-1.7,0.15
2018,10,-7.68,-4.91,3.62,0.19
2018,11,1.69,-0.69,0.2,0.18
2018,12,-9.55,-2.54,-1.88,0.19
2019,1,8.41,2.94,-0.56,0.21
2019,2,3.4,2.1,-2.72,0.18
2019,3,1.1,-3.06,-4.2,0.19
2019,4,3.96,-1.77,2,0.21
2019,5,-6.94,-1.25,-2.15,0.21
2019,6,6.93,0.2,-0.82,0.18
2019,7,1.19,-2.06,0.3,0.19
2019,8,-2.58,-2.43,-4.93,0.16
2019,9,1.43,-0.99,6.78,0.18
2019,10,2.06,0.27,-2.09,0.15
2019,11,3.87,0.85,-1.87,0.12
2019,12,2.77,0.71,1.93,0.14
2020,1,-0.11,-3.09,-6.3,0.13
2020,2,-8.13,1,-3.96,0.12
2020,3,-13.38,-5.1,-14.11,0.12
2020,4,13.65,2.75,-1.35,0
2020,5,5.58,2.47,-4.95,0.01
2020,6,2.46,2.7,-2.22,0.01
2020,7,5.77,-2.18,-1.31,0.01
2020,8,7.63,-0.26,-2.95,0.01
2020,9,-3.63,0.06,-2.56,0.01
2020,10,-2.1,4.44,3.88,0.01
