,Consumer Goods,,Manufacturing,,High Tech,,STOCK RETURN PREDICTORS,,,,
,,,,,,,DP ratio,Term Spread,Default Spread,Inflation,Unemployment Rate
Date,VALUE,GROWTH,VALUE,GROWTH,VALUE,GROWTH,dp,term,default,inflation,unemploy
196507,3.964,1.875,3.144,1.712,6.330,2.313,0.030068771,0.22,0.4,0,4.4
196508,4.979,4.192,3.120,2.865,10.162,8.092,0.029862674,0.18,0.39,0,4.4
196509,0.348,2.789,6.141,4.169,3.249,5.657,0.029007639,0.09,0.39,0,4.3
196510,4.340,3.957,5.880,3.467,8.602,4.132,0.028213993,0.05,0.37,0.32,4.2
196511,1.093,0.993,2.892,0.655,8.406,12.847,0.02908378,0.08,0.35,0,4.1
196512,5.643,3.065,3.282,3.557,14.155,-1.874,0.02871555,-0.1,0.34,0.31,4
196601,6.767,4.644,3.993,3.356,0.187,1.143,0.028402172,-0.27,0.32,0,4
196602,2.264,2.431,0.831,-0.577,5.298,1.927,0.029188778,-0.11,0.34,0.63,3.8
196603,-2.647,1.698,-4.126,-2.439,-0.792,1.409,0.03008806,-0.1,0.4,0.31,3.8
196604,1.010,2.193,3.762,2.464,9.428,4.417,0.029498779,-0.15,0.45,0.62,3.8
196605,-7.260,-6.363,-9.303,-7.302,-13.624,-8.149,0.031712535,-0.15,0.5,0,3.9
196606,-3.474,-2.804,0.432,-0.871,1.128,-0.070,0.032109566,-0.16,0.51,0.31,3.8
196607,-1.317,-1.875,-1.513,-2.609,-2.419,-2.158,0.032663888,-0.15,0.52,0.31,3.8
196608,-10.372,-7.003,-8.814,-8.856,-5.696,-9.656,0.036186428,-0.32,0.52,0.61,3.8
196609,-1.008,-3.127,-2.884,-3.379,-6.111,-3.450,0.036470488,-0.64,0.6,0,3.7
196610,0.227,2.692,1.070,1.566,-1.957,0.771,0.034933024,-0.57,0.69,0.61,3.7
196611,1.295,3.564,1.090,5.157,6.985,7.882,0.03461279,-0.38,0.78,0,3.6
196612,0.924,-1.197,1.661,2.053,4.801,8.013,0.034498286,-0.36,0.79,0,3.8
196701,12.100,11.793,14.980,12.854,21.591,13.296,0.032232225,-0.17,0.77,0,3.9
196702,1.806,3.365,0.605,1.002,0.198,3.653,0.032079617,-0.08,0.79,0,3.8
196703,4.597,2.455,8.739,4.951,7.981,9.293,0.030715228,0.19,0.72,0.3,3.8
196704,4.261,7.889,3.177,2.562,7.210,5.271,0.029471797,0.48,0.72,0.3,3.8
196705,-1.432,-5.117,-3.770,-3.290,-4.305,-5.462,0.031039836,0.7,0.72,0.3,3.8
196706,7.954,3.739,6.421,3.236,12.813,7.110,0.030190012,0.54,0.71,0.3,3.9
196707,9.160,4.472,8.008,5.907,4.388,2.333,0.028837576,0.15,0.68,0.3,3.8
196708,0.569,-0.356,0.502,-0.529,-1.294,-2.533,0.029403579,0.15,0.71,0.3,3.8
196709,5.931,4.959,2.807,3.543,7.150,4.372,0.028497245,0.06,0.75,0.3,3.8
196710,-4.671,-2.356,-5.737,-6.306,-3.454,-5.488,0.029708588,0.11,0.7,0.3,4
196711,0.222,-0.440,-0.957,0.418,-1.316,1.801,0.029321005,0.14,0.65,0.3,3.9
196712,8.949,2.183,5.953,4.556,6.861,3.996,0.028418267,-0.01,0.74,0.3,3.8
196801,0.643,-0.985,0.149,-4.130,-2.274,-7.760,0.029883742,0.1,0.67,0.59,3.7
196802,-3.684,-2.136,-3.779,-5.311,-6.793,-7.850,0.031325284,0.15,0.7,0.29,3.8
196803,0.937,1.790,-1.817,-0.288,0.243,-1.003,0.030883318,0.16,0.74,0.29,3.7
196804,16.141,11.844,13.279,11.505,11.467,15.690,0.02874169,-0.07,0.76,0.29,3.5
196805,5.708,5.571,5.379,3.381,4.843,1.772,0.028058666,-0.27,0.76,0.29,3.5
196806,3.488,-0.064,1.329,0.051,-0.339,-0.243,0.027905102,-0.26,0.79,0.58,3.7
196807,-4.006,-6.013,-0.831,-5.529,-7.695,-9.576,0.028903588,-0.15,0.74,0.57,3.7
196808,3.782,1.760,5.128,2.332,4.350,3.238,0.028504966,-0.01,0.8,0.29,3.5
196809,9.281,5.569,5.896,3.468,7.658,6.695,0.027264282,0.01,0.82,0.29,3.4
196810,1.765,2.292,1.369,0.694,-0.912,-1.783,0.027514603,0.01,0.75,0.57,3.4
196811,5.222,5.151,6.306,6.659,6.420,8.771,0.025769097,-0.05,0.82,0.28,3.4
196812,-0.769,-2.597,0.270,-1.516,-2.073,-4.409,0.026951379,-0.16,0.78,0.28,3.4
196901,-2.606,-2.822,-2.437,-1.083,-2.733,-5.500,0.026820124,-0.3,0.73,0.28,3.4
196902,-7.976,-6.975,-7.598,-8.272,-8.182,-8.695,0.028810704,-0.22,0.64,0.56,3.4
196903,1.537,0.654,3.380,2.821,0.891,1.829,0.028205837,-0.04,0.66,0.83,3.4
196904,0.579,2.109,-0.321,-0.045,0.723,2.241,0.027617407,-0.09,0.65,0.55,3.4
196905,-0.669,-1.419,0.197,-1.923,0.321,-0.617,0.02816657,-0.1,0.73,0.28,3.4
196906,-10.948,-9.219,-11.802,-10.533,-11.623,-9.483,0.030412997,-0.47,0.72,0.55,3.5
196907,-10.149,-8.286,-8.509,-8.273,-8.828,-12.486,0.032599705,-0.88,0.76,0.54,3.5
196908,2.210,6.238,2.783,5.133,3.665,7.074,0.031201888,-0.85,0.89,0.54,3.5
196909,-3.598,-1.507,-3.793,-3.891,-0.857,-1.517,0.032250825,-0.66,0.91,0.27,3.7
196910,7.869,9.166,5.416,5.455,8.586,10.807,0.03070328,-0.54,0.89,0.54,3.7
196911,-6.040,-4.622,-5.722,-4.828,-4.784,-5.894,0.031688421,-0.75,0.9,0.53,3.5
196912,-7.179,-4.544,-6.218,-4.439,-5.923,-4.724,0.03242813,-0.52,0.93,0.53,3.5
197001,-4.367,-7.131,-3.928,-7.519,-3.482,-12.122,0.035139481,-0.31,0.95,0.26,3.9
197002,2.978,2.127,5.764,4.095,7.561,0.378,0.033220107,-0.35,0.85,0.53,4.2
197003,1.096,0.068,-0.103,-1.485,-2.539,-5.949,0.033678128,0.1,0.79,0.52,4.4
197004,-10.881,-14.868,-11.717,-14.917,-13.069,-19.477,0.037370697,0.33,0.87,0.78,4.6
197005,-10.118,-11.505,-8.310,-8.470,-8.644,-14.069,0.039414037,0.16,0.87,0.26,4.8
197006,-7.279,-6.034,-8.170,-6.782,-8.976,-10.816,0.041729963,0.29,0.77,0.52,4.9
197007,8.726,9.944,5.888,6.062,2.566,1.197,0.039269247,0.36,0.96,0.51,5
197008,5.112,5.126,7.268,4.934,3.632,10.219,0.037058557,0.55,1.31,0,5.1
197009,9.363,6.492,6.237,7.913,15.934,15.801,0.035466909,0.66,1.3,0.51,5.4
197010,-4.699,-2.806,-7.539,-4.756,-10.834,-9.509,0.036341499,0.9,1.3,0.51,5.5
197011,0.961,3.968,1.036,1.900,0.912,-0.753,0.034387951,1.33,1.33,0.51,5.9
197012,13.229,8.566,8.817,7.940,7.652,6.047,0.032235283,1.39,1.48,0.5,6.1
197101,11.845,9.315,11.095,8.286,19.094,11.412,0.030628623,1.67,1.38,0,5.9
197102,4.825,3.634,2.047,2.273,-0.573,2.188,0.030145106,2.22,1.31,0.25,5.9
197103,6.132,7.433,3.590,5.046,8.919,9.730,0.028964075,2.01,1.25,0.25,6
197104,3.006,4.910,3.675,4.289,2.387,3.412,0.028118512,1.53,1.2,0.25,5.9
197105,-5.087,-4.086,-5.215,-4.777,-5.585,-5.154,0.029278422,1.35,1.09,0.5,5.9
197106,-1.717,0.657,-3.652,-1.368,-3.527,-3.421,0.029226702,0.88,1.11,0.74,5.9
197107,-5.402,-5.121,-5.903,-4.536,-8.649,-8.256,0.030043924,0.69,1.12,0.25,6
197108,5.978,4.827,5.978,4.792,4.201,5.758,0.029416483,0.78,1.17,0.25,6.1
197109,-1.430,0.162,-3.884,-1.684,-3.780,-3.696,0.029524169,0.73,1.15,0,6
197110,-4.638,-4.450,-7.805,-6.855,-7.130,-9.983,0.030581565,1.02,1.09,0.24,5.8
197111,-3.829,-1.220,-4.104,-2.995,-2.313,0.027,0.030771967,1.14,1.12,0,6
197112,11.486,9.399,12.007,10.886,15.700,14.844,0.028334171,1.33,1.13,0.49,6
197201,8.593,4.786,8.974,3.532,18.474,7.461,0.027680744,1.67,1.04,0,5.8
197202,3.951,5.275,3.415,5.006,7.037,4.727,0.026942338,1.81,0.96,0.49,5.7
197203,-1.087,0.839,-0.336,-0.412,-0.437,-1.433,0.026610626,1.4,1,0.24,5.8
197204,1.299,0.538,2.828,1.767,1.261,-0.086,0.026313885,1.23,0.94,0.24,5.7
197205,-3.946,-0.200,-2.103,-0.435,-1.963,-1.087,0.026299624,1.49,0.93,0.24,5.7
197206,-3.886,-3.956,-3.765,-3.392,-2.468,-2.739,0.026854317,1.18,0.97,0.24,5.7
197207,-4.694,-3.894,-1.218,-3.212,-3.928,-1.949,0.027098944,1.15,1.02,0.48,5.6
197208,0.061,-0.887,4.489,3.206,3.489,-0.577,0.026067363,1.23,1,0.24,5.6
197209,-4.674,-2.759,-4.330,-3.096,-4.037,-3.510,0.026401742,1.03,0.87,0.24,5.5
197210,-0.008,-1.510,-1.650,-1.712,-2.715,-0.672,0.02603535,0.96,0.85,0.47,5.6
197211,5.003,5.147,7.622,4.333,4.546,2.860,0.025555063,1.01,0.87,0.24,5.3
197212,-2.876,-0.822,-2.589,-0.838,-2.805,-1.293,0.025266131,0.84,0.85,0.24,5.2
197301,-4.402,-8.954,-2.449,-4.019,-5.611,-7.666,0.026153832,0.57,0.75,0.24,4.9
197302,-6.957,-8.968,-5.442,-7.280,-6.764,-9.929,0.02723232,0.45,0.75,0.7,5
197303,-2.987,-2.014,-0.031,-2.842,-3.243,-6.305,0.027489158,-0.14,0.74,0.93,4.9
197304,-5.064,-9.678,-4.246,-5.311,-4.950,-9.409,0.029449661,-0.18,0.83,0.69,5
197305,-10.091,-7.334,-7.579,-7.188,-10.907,-8.110,0.029820382,-0.04,0.77,0.69,4.9
197306,-4.417,-5.471,-2.514,-3.780,-1.649,-2.187,0.030210434,-0.41,0.76,0.68,4.9
197307,9.195,13.960,10.763,12.299,13.479,14.591,0.028882945,-1.26,0.79,0.23,4.8
197308,-5.980,-4.799,-3.284,-4.112,-7.136,-5.868,0.029991757,-1.42,0.85,1.79,4.8
197309,5.089,9.235,9.303,9.483,9.484,11.092,0.028326368,-1.22,1,0.22,4.8
197310,-1.004,-3.611,1.914,2.907,1.167,-2.778,0.028730342,-0.61,0.81,0.88,4.6
197311,-20.098,-22.222,-17.942,-17.037,-22.899,-22.097,0.032985285,-0.84,0.75,0.66,4.8
197312,-5.866,-5.464,-0.795,-0.802,-4.999,-4.978,0.032991101,-0.53,0.8,0.65,4.9
197401,16.300,8.320,13.733,6.285,17.754,10.492,0.032981141,-0.43,0.65,0.86,5.1
197402,2.745,0.917,1.900,-0.178,-0.912,1.189,0.033501405,0.08,0.68,1.28,5.2
197403,0.488,0.485,1.016,-1.107,-2.270,-3.938,0.034582998,-0.55,0.61,1.26,5.1
197404,-3.593,-5.976,-3.069,-5.559,-5.396,-7.228,0.036638504,-1.11,0.62,0.42,5.1
197405,-7.944,-5.699,-7.860,-7.962,-7.728,-6.973,0.038750409,-1.2,0.68,1.24,5.1
197406,-4.718,-3.581,-1.023,-1.970,-4.987,-5.335,0.040086975,-1.13,0.8,0.82,5.4
197407,-3.912,-6.747,-2.634,-5.602,-6.880,-10.593,0.043279063,-0.99,0.76,0.81,5.5
197408,-8.604,-9.675,-6.378,-9.966,-8.209,-9.169,0.048573154,-1.32,0.77,1.21,5.5
197409,-10.114,-10.906,-7.288,-10.837,-10.058,-15.281,0.055241611,-0.83,0.94,1.19,5.9
197410,5.519,10.102,8.789,15.565,6.931,9.980,0.047585123,-0.15,1.21,0.98,6
197411,-6.088,-6.138,-5.528,-3.899,-4.668,-3.749,0.049838029,0.02,1.71,0.78,6.6
197412,-10.911,-6.015,-7.930,-6.658,-8.164,-10.426,0.051898051,0.12,1.74,0.77,7.2
197501,33.245,29.106,28.233,18.852,39.618,28.380,0.045259928,0.67,1.98,0.38,8.1
197502,3.879,4.879,4.771,3.989,5.123,9.070,0.043665139,1.41,2.03,0.76,8.1
197503,10.649,10.764,5.962,5.324,10.131,13.239,0.042893357,1.62,1.81,0.38,8.6
197504,2.897,4.379,3.696,7.938,8.072,4.306,0.041138526,1.33,1.63,0.38,8.8
197505,5.598,6.060,5.596,6.456,10.764,7.144,0.039202159,1.67,1.79,0.57,9
197506,7.320,5.926,6.150,6.023,7.855,6.899,0.037537223,1.57,1.85,0.75,8.8
197507,1.535,-2.759,-2.350,-3.979,-3.722,-7.848,0.040378655,0.95,1.71,1.11,8.6
197508,-6.523,-5.429,-5.203,-3.077,-9.144,-7.013,0.041010485,0.7,1.64,0.18,8.4
197509,-4.808,-4.031,-3.947,-5.060,-3.945,-5.358,0.043152673,0.68,1.66,0.55,8.4
197510,3.459,5.821,0.426,0.121,0.435,2.216,0.04118766,1.19,1.76,0.55,8.4
197511,3.884,3.642,2.083,1.746,-1.075,2.177,0.039602259,1.56,1.78,0.73,8.3
197512,0.142,-1.257,-1.601,-0.966,-1.804,-2.246,0.040289137,1.4,1.77,0.36,8.2
197601,26.063,16.402,23.315,17.676,30.805,20.290,0.035937186,1.93,1.81,0.18,7.9
197602,17.789,5.136,13.644,4.745,18.835,8.334,0.035874737,1.88,1.69,0.36,7.7
197603,0.424,0.625,1.762,1.625,0.473,2.344,0.035243893,1.52,1.6,0.18,7.6
197604,-0.140,-0.750,-0.088,-0.430,-2.782,-1.858,0.035249922,1.64,1.54,0.36,7.7
197605,-5.334,-3.117,-1.086,0.647,-3.678,-1.790,0.037008677,1.5,1.28,0.71,7.4
197606,2.218,1.724,3.815,3.599,7.778,4.929,0.035569016,1.34,1.27,0.53,7.6
197607,0.975,-0.205,-0.005,-0.907,-2.059,-1.915,0.035502487,1.63,1.26,0.53,7.8
197608,-3.880,-2.351,-1.843,-1.937,-3.426,-2.690,0.037082115,1.77,1.19,0.52,7.8
197609,-0.899,1.850,1.562,2.558,1.348,0.519,0.036297227,1.75,1.02,0.35,7.6
197610,-3.320,-2.260,-2.690,-3.279,-6.278,-3.854,0.03693884,1.91,0.97,0.52,7.7
197611,1.839,3.381,2.683,0.880,2.899,0.833,0.039148479,2,0.98,0.17,7.8
197612,9.704,7.269,8.357,7.968,12.667,11.986,0.036891269,1.98,1.14,0.34,7.8
197701,4.512,-2.103,5.268,0.026,3.419,-1.816,0.038684177,1.92,1.12,0.51,7.5
197702,0.320,-1.381,-0.011,-1.074,0.911,-1.454,0.040581529,1.92,1.08,1.02,7.6
197703,0.004,-0.754,1.667,0.394,2.740,-0.051,0.04121416,1.96,1.02,0.67,7.4
197704,3.473,0.388,2.485,1.321,3.916,1.006,0.041177431,1.93,1.03,0.84,7.2
197705,-0.190,-0.842,-0.032,-1.284,-2.198,0.096,0.043189781,1.62,0.96,0.5,7
197706,4.478,4.264,5.419,5.528,7.224,7.851,0.0414616,1.48,0.96,0.66,7.2
197707,0.583,-0.709,-1.073,-2.734,0.445,-1.499,0.041974818,1.39,0.93,0.49,6.9
197708,-2.043,-0.892,-3.785,-2.290,0.890,-3.184,0.043780757,1.03,0.84,0.33,7
197709,1.023,1.392,-1.040,-0.012,-0.046,-1.396,0.044238556,0.81,0.88,0.33,6.8
197710,-1.755,-2.583,-3.162,-4.917,-2.364,-3.783,0.046225778,0.55,0.85,0.33,6.8
197711,7.431,6.675,7.055,6.107,9.465,9.174,0.04565951,0.63,0.87,0.49,6.8
197712,0.490,0.103,1.095,1.505,3.157,0.897,0.045787197,0.73,0.8,0.32,6.4
197801,-1.994,-4.471,-2.589,-5.069,-2.096,-4.159,0.048788282,0.68,0.76,0.64,6.4
197802,3.995,1.333,2.483,0.153,4.211,0.139,0.050424601,0.69,0.73,0.64,6.3
197803,7.210,5.255,7.145,4.434,8.698,8.416,0.049258758,0.73,0.75,0.79,6.3
197804,7.477,7.109,7.365,8.425,10.338,12.498,0.045728749,0.7,0.76,0.79,6.1
197805,6.221,6.583,6.429,4.331,9.413,6.475,0.045708648,0.53,0.8,0.93,6
197806,1.059,-1.886,-1.064,-1.874,-1.601,-0.644,0.046841158,0.37,0.84,1.08,5.9
197807,1.579,3.623,6.117,5.074,6.714,9.272,0.044892992,0.25,0.72,0.76,6.2
197808,9.304,6.635,6.575,5.476,12.478,8.666,0.043709609,0.1,0.79,0.46,5.9
197809,0.720,-2.156,-0.234,-1.790,-1.511,-3.638,0.044410357,-0.22,0.73,0.75,6
197810,-20.856,-16.609,-18.237,-18.617,-21.950,-23.638,0.050989794,-0.5,0.7,0.9,5.8
197811,3.475,3.351,3.961,4.654,6.578,9.528,0.049669535,-1.2,0.8,0.45,5.9
197812,-1.032,1.345,0.464,1.907,2.510,3.214,0.049413891,-1.29,0.78,0.44,6
197901,9.755,6.040,11.509,6.478,9.147,7.848,0.047735239,-1.31,0.88,0.88,5.9
197902,-0.792,-4.184,-2.501,-1.901,-3.010,-5.442,0.049964723,-1.14,0.82,1.16,5.9
197903,6.358,4.677,8.123,9.490,8.615,9.676,0.047356698,-1.13,0.89,1.01,5.8
197904,2.022,1.920,2.070,1.393,3.306,3.109,0.047710549,-0.94,0.95,1.14,5.8
197905,-1.238,-1.230,-1.492,-1.645,-0.011,-2.996,0.04951069,-0.87,0.97,1.27,5.6
197906,1.626,2.140,5.281,6.152,1.056,2.258,0.04758511,-0.66,1.09,1.11,5.7
197907,0.296,1.579,2.227,0.765,2.515,1.759,0.047498369,-0.69,1.09,1.1,5.7
197908,5.631,6.231,7.483,7.987,6.353,8.534,0.045815349,-0.95,1.12,0.95,6
197909,-1.865,-1.538,-1.373,-0.011,-1.528,0.102,0.04584098,-1.51,1.1,1.08,5.9
197910,-10.789,-11.711,-10.880,-9.427,-12.503,-10.290,0.050036435,-2.14,1.27,0.8,6
197911,2.304,4.910,4.363,7.908,9.329,9.922,0.048081463,-1.74,1.23,0.93,5.9
197912,2.430,3.365,5.861,5.249,8.170,6.473,0.04726119,-1.59,1.32,1.05,6
198001,7.870,4.202,10.794,9.768,7.139,7.241,0.044619262,-1.26,1.33,1.42,6.3
198002,-1.343,-2.805,-2.445,-0.098,-3.928,-1.499,0.045796734,-1.51,1.19,1.4,6.3
198003,-15.924,-15.110,-17.513,-18.454,-16.039,-18.379,0.0527973,-3.07,1.49,1.51,6.3
198004,1.657,3.573,1.947,3.537,5.115,2.246,0.050684885,-1.83,2.15,1.12,6.9
198005,5.760,9.524,5.522,7.259,6.736,6.745,0.04819768,0.79,2.18,0.98,7.5
198006,2.774,2.339,2.833,3.525,1.273,2.068,0.047200562,1.62,2.13,1.09,7.6
198007,7.435,9.690,8.690,9.318,10.681,18.863,0.044624697,1.6,1.58,0,7.8
198008,5.723,4.451,4.091,4.790,8.177,9.595,0.043970089,0.86,1.51,0.72,7.7
198009,1.710,3.157,3.145,3.423,1.353,6.201,0.043639817,-0.01,1.68,0.84,7.5
198010,0.950,0.800,2.153,2.193,2.809,3.317,0.04323785,-0.74,1.92,0.95,7.5
198011,-0.171,1.031,3.932,10.544,4.631,11.116,0.039294555,-1.47,1.67,0.82,7.5
198012,-4.889,-4.031,-4.804,-6.563,-4.895,-5.706,0.041205024,-2.04,1.93,0.93,7.2
198101,3.359,0.580,1.263,-4.405,-1.620,-6.371,0.042926092,-1.51,2.22,0.81,7.5
198102,0.765,2.724,2.187,-0.324,-0.899,-2.630,0.043035639,-1.38,2.02,1.03,7.4
198103,7.471,7.545,8.415,4.818,7.102,9.571,0.041716872,-0.59,2.01,0.68,7.4
198104,5.039,2.710,0.694,-1.923,1.964,3.453,0.042262895,-0.64,1.68,0.68,7.2
198105,1.399,0.977,0.365,0.016,4.988,6.500,0.042356066,-2.1,1.63,0.78,7.5
198106,0.400,-1.019,-0.923,-1.848,-4.931,-8.167,0.043417395,-1.39,2.05,0.89,7.5
198107,-2.858,-3.849,-2.387,0.248,-4.933,-6.941,0.043353954,-1.44,1.79,1.1,7.2
198108,-6.794,-7.548,-8.824,-8.883,-8.008,-13.423,0.047365598,-1.78,1.45,0.76,7.4
198109,-7.579,-5.046,-9.344,-12.387,-7.242,-8.726,0.050874657,-1.2,1.43,0.97,7.6
198110,3.078,6.027,1.887,6.848,6.871,10.459,0.048336854,-0.23,1.71,0.21,7.9
198111,1.390,2.126,1.753,2.288,0.771,0.375,0.046948723,0.98,2.17,0.32,8.3
198112,-1.425,-1.770,-2.219,-4.582,0.156,-1.386,0.04857934,0.87,2.32,0.32,8.5
198201,-0.060,-3.222,-3.517,-6.439,-1.940,-2.234,0.049775118,0.27,1.92,0.32,8.6
198202,-1.607,-4.247,-3.330,-8.423,-3.383,-6.857,0.053545797,-0.3,1.91,0.32,8.9
198203,1.419,0.855,-2.508,-5.949,-0.033,-3.395,0.054707693,-0.09,2.24,-0.11,9
198204,3.801,3.868,1.762,4.301,5.363,8.423,0.05223082,-0.11,2.32,0.42,9.3
198205,-1.067,-3.011,-4.259,-4.151,-3.671,-4.911,0.055543988,0.28,2.38,0.94,9.4
198206,-2.302,-1.652,-3.411,-7.034,-4.755,-6.465,0.056802391,0.23,2.11,1.24,9.6
198207,-0.659,-1.697,-3.445,-5.810,0.339,-2.142,0.058227068,0.71,2.19,0.51,9.8
198208,2.226,7.934,7.742,7.644,6.226,11.271,0.053067633,1.63,2.61,0.2,9.8
198209,5.843,3.349,1.178,-0.771,4.299,0.013,0.052342802,1.49,2.69,0.2,10.1
198210,9.871,14.371,11.589,11.890,10.598,18.001,0.046583751,1.59,2.61,0.31,10.4
198211,10.808,6.838,6.279,2.770,11.299,13.283,0.045397756,1.39,2.62,-0.2,10.8
198212,2.164,1.821,1.456,1.025,0.555,-0.792,0.044597946,1.63,2.31,-0.41,10.8
198301,8.542,2.672,8.066,5.616,7.803,11.396,0.043467199,1.84,2.15,0.2,10.4
198302,8.541,6.444,5.490,-0.016,10.046,5.156,0.042307462,1.8,1.94,0.1,10.4
198303,7.445,5.304,5.751,1.885,1.983,3.200,0.041091201,1.47,1.88,0,10.3
198304,9.195,7.289,6.064,5.246,5.777,4.265,0.038319666,1.42,1.78,0.71,10.2
198305,5.518,5.668,6.173,9.864,7.308,9.809,0.037435825,1.48,1.63,0.61,10.1
198306,4.244,4.140,2.657,3.841,4.193,5.049,0.036812021,1.19,1.63,0.3,10.1
198307,0.782,-3.396,-0.567,-1.759,-4.151,-8.536,0.037965004,1.18,1.24,0.4,9.4
198308,-4.193,-4.510,-1.112,-2.690,-2.455,-5.020,0.037546252,1.32,1.13,0.3,9.5
198309,0.535,2.894,0.553,-0.556,-0.350,0.769,0.037797877,1.49,1.18,0.5,9.2
198310,-3.016,-6.136,-5.256,-6.647,-8.102,-10.682,0.038744632,1.73,1.21,0.3,8.8
198311,3.088,4.192,2.978,3.615,5.756,8.123,0.037557455,1.75,1.2,0.2,8.5
198312,-1.406,-2.701,0.804,-1.503,-2.440,-2.764,0.039003429,1.72,1.18,0.1,8.3
198401,1.363,-3.780,2.436,-1.288,-1.087,-6.708,0.039671826,1.77,1.45,0.59,8
198402,-4.933,-6.897,-5.083,-6.223,-7.719,-8.766,0.040953138,1.8,1.51,0.49,7.8
198403,0.974,1.771,2.362,0.447,0.574,-2.451,0.040975751,1.73,1.42,0.2,7.8
198404,-0.543,-1.187,-0.600,-0.244,-1.752,-2.566,0.04136133,1.73,1.5,0.49,7.7
198405,-3.242,-5.573,-5.543,-6.630,-4.141,-5.960,0.043742654,1.75,1.46,0.29,7.4
198406,1.505,3.361,-0.465,1.060,1.553,5.386,0.043439752,1.48,1.5,0.29,7.2
198407,-3.272,-2.630,-5.361,-6.026,-6.719,-9.055,0.044895049,1.33,1.71,0.38,7.5
198408,8.369,9.027,10.631,12.292,9.712,14.804,0.040504022,0.9,1.76,0.38,7.5
198409,0.534,-2.431,-1.345,-2.141,-1.256,-7.258,0.040573154,0.94,1.69,0.48,7.3
198410,-2.234,-0.648,-3.834,-4.974,-3.063,-5.402,0.041784959,1.26,1.31,0.29,7.4
198411,-1.912,-2.782,-3.734,-3.016,-2.886,-7.779,0.041611188,1.75,1.19,0,7.2
198412,0.884,1.775,-0.461,-0.415,0.138,3.000,0.041228765,2.17,1.27,0,7.3
198501,8.238,12.624,9.286,9.950,13.152,18.008,0.038365047,2.36,1.18,0.19,7.3
198502,3.075,3.033,2.848,2.633,0.806,0.443,0.038052263,2.22,1.1,0.47,7.2
198503,-0.032,-2.125,-1.164,-2.952,-2.822,-7.604,0.038496161,2,1.13,0.38,7.2
198504,-0.941,-1.618,-2.125,-2.107,-0.057,-4.617,0.038889775,2.29,1.28,0.47,7.3
198505,2.267,4.233,0.592,1.363,2.950,2.005,0.037205095,2.39,1.43,0.37,7.2
198506,2.204,0.171,-1.405,-1.322,-2.184,-1.419,0.036659014,2.36,1.46,0.28,7.4
198507,1.142,-0.089,2.670,3.191,2.294,2.456,0.037176617,2.45,1.46,0.19,7.4
198508,-0.359,-0.632,-1.625,-1.762,-1.309,-1.936,0.037737784,2.28,1.45,0.19,7.1
198509,-4.554,-4.019,-5.898,-5.622,-6.751,-8.870,0.039601979,2.3,1.41,0.28,7.1
198510,2.385,2.951,0.436,2.170,0.627,-0.259,0.037836069,2.23,1.34,0.37,7.1
198511,6.370,7.393,3.250,4.775,4.330,7.685,0.036047787,1.9,1.44,0.28,7
198512,3.830,2.989,-0.610,2.097,6.161,2.991,0.034764366,1.59,1.42,0.27,7
198601,2.603,2.725,-0.650,-0.005,2.647,-2.085,0.034562008,1.46,1.39,0.27,6.7
198602,8.727,8.135,3.125,5.884,7.297,5.561,0.032707894,1.09,1.44,-0.27,7.2
198603,6.574,5.972,4.230,4.366,1.297,0.434,0.031077572,0.75,1.5,-0.46,7.2
198604,1.288,1.039,-1.445,-1.298,3.014,4.530,0.031763777,0.86,1.4,-0.18,7.1
198605,3.222,5.958,2.876,5.190,4.539,2.056,0.030244251,1.06,1.2,0.28,7.2
198606,4.514,2.235,-1.165,-0.756,-1.696,-3.842,0.030165881,1.07,1.21,0.55,7.2
198607,-5.805,-8.259,-8.605,-8.729,-8.587,-11.064,0.032391841,1.03,1.28,0,7
198608,0.529,2.069,6.331,2.919,4.296,2.363,0.030318578,1.24,1.46,0.18,6.9
198609,-5.667,-9.652,-2.848,-6.535,-4.266,-8.188,0.033163873,1.68,1.31,0.45,7
198610,3.247,2.939,1.023,2.565,3.578,4.127,0.032174639,1.71,1.38,0.09,7
198611,0.810,0.266,-0.323,-0.455,0.203,0.473,0.03244965,1.45,1.39,0.09,6.9
198612,-3.111,-2.948,-3.206,-1.897,-1.240,-4.079,0.033605849,1.24,1.48,0.09,6.6
198701,8.599,10.421,13.763,13.965,12.001,15.910,0.029768523,1.3,1.36,0.63,6.6
198702,6.537,7.020,6.440,6.475,7.894,7.747,0.028479091,1.29,1.27,0.36,6.6
198703,2.572,0.883,6.101,3.212,0.356,-2.826,0.028259433,1.22,1.25,0.45,6.6
198704,0.141,-3.448,-0.202,-2.966,-0.368,0.307,0.029251656,1.52,1.19,0.53,6.3
198705,-0.036,0.325,3.316,0.491,1.449,1.023,0.029283188,1.61,1.18,0.35,6.3
198706,1.527,3.743,4.040,2.630,0.052,1.556,0.028300517,1.6,1.2,0.35,6.2
198707,3.572,3.055,8.672,4.842,1.335,1.290,0.027519884,1.77,1.19,0.26,6.1
198708,2.657,2.922,-0.215,1.457,1.174,4.171,0.026974671,1.73,1.13,0.53,6
198709,0.377,-2.326,0.127,-1.066,0.665,-0.524,0.027884366,1.75,1.13,0.52,5.9
198710,-27.432,-30.222,-28.937,-29.737,-28.759,-31.647,0.036275868,1.93,1.1,0.26,6
198711,-5.965,-8.029,-3.797,-5.171,-6.473,-9.001,0.039222187,1.9,1.22,0.09,5.8
198712,4.453,8.826,5.054,7.178,4.230,9.451,0.036881242,1.82,1.18,0,5.7
198801,5.875,4.422,6.552,4.958,8.640,0.792,0.035588551,1.68,1.19,0.26,5.7
198802,10.319,6.894,7.987,8.474,6.696,9.701,0.035881036,1.57,1.22,0.26,5.7
198803,3.618,3.042,3.377,2.703,7.402,1.058,0.036585741,1.66,1.18,0.43,5.7
198804,4.837,1.263,3.149,2.319,1.405,0.963,0.035897348,1.71,1.23,0.51,5.4
198805,-1.087,-2.732,-1.048,-1.943,-2.399,-4.264,0.036746646,1.69,1.14,0.34,5.6
198806,4.255,4.798,4.420,6.523,7.873,7.570,0.034959137,1.43,1.14,0.42,5.4
198807,-0.595,-0.687,0.339,-2.364,-2.501,-4.599,0.035884387,1.31,1.15,0.42,5.4
198808,-1.239,-4.164,-3.125,-3.795,-2.021,-6.744,0.03772046,1.09,1.1,0.42,5.6
198809,1.645,2.669,0.360,1.470,0.136,0.351,0.036479998,0.89,1.08,0.67,5.4
198810,-0.599,2.145,-0.591,-1.400,-2.300,-3.174,0.036784442,0.69,0.9,0.33,5.4
198811,-3.107,-4.957,-1.765,-3.096,-3.603,-4.120,0.038524385,0.48,1.03,0.08,5.3
198812,2.214,0.711,2.876,3.613,4.550,4.561,0.038698766,0.12,1.08,0.17,5.3
198901,4.143,4.466,5.434,4.587,6.139,4.950,0.037498535,0.04,1.03,0.5,5.4
198902,1.035,-0.816,0.916,-0.141,-1.094,-0.622,0.037030352,-0.08,0.97,0.41,5.2
198903,3.565,0.897,2.793,2.165,3.728,-0.255,0.036689912,-0.21,0.87,0.57,5
198904,4.111,4.907,2.827,3.650,2.569,6.483,0.035379465,-0.18,0.82,0.65,5.2
198905,2.694,3.298,1.056,2.262,3.449,4.488,0.035209346,-0.12,0.89,0.57,5.2
198906,-1.410,-2.253,-1.654,-2.217,-1.726,-4.546,0.035799211,-0.16,0.93,0.24,5.3
198907,1.856,4.883,2.927,4.011,1.469,4.896,0.033221851,0.13,0.94,0.24,5.2
198908,2.041,0.638,2.731,2.766,1.175,-0.008,0.032940755,-0.07,0.92,0.16,5.2
198909,-3.103,-1.027,-1.282,-1.834,-0.360,0.353,0.033577341,-0.03,0.9,0.32,5.3
198910,-6.967,-6.778,-6.426,-5.750,-7.337,-5.935,0.034181826,0.02,0.89,0.48,5.3
198911,-2.852,-1.200,-2.077,1.382,-2.970,-2.525,0.033253327,0.1,0.92,0.24,5.4
198912,-2.090,-0.277,0.943,0.897,-0.376,0.642,0.032722686,0.12,0.96,0.16,5.4
199001,-5.952,-8.875,-4.873,-7.443,-6.915,-5.938,0.034806028,0.29,0.95,1.03,5.4
199002,1.745,2.192,1.459,2.064,0.849,1.980,0.034920454,0.36,0.92,0.47,5.3
199003,2.403,3.293,3.115,2.377,5.801,4.294,0.034175615,0.24,0.84,0.55,5.2
199004,-0.871,-2.252,-5.496,-2.197,-4.270,-3.506,0.035822324,0.39,0.84,0.16,5.4
199005,1.004,7.170,4.030,4.624,9.776,8.898,0.032755173,0.44,0.94,0.23,5.4
199006,-0.176,-1.506,-2.462,-0.648,-0.173,1.534,0.033157406,0.38,0.96,0.54,5.2
199007,-4.601,-4.398,-2.217,-0.918,-4.003,-9.315,0.033685273,0.53,0.96,0.38,5.5
199008,-11.044,-14.518,-10.881,-9.876,-14.738,-17.533,0.037161517,0.97,1,0.92,5.7
199009,-10.237,-10.179,-7.356,-6.605,-9.288,-13.601,0.038797536,1.13,1.08,0.83,5.9
199010,-6.672,-6.423,-9.830,-6.301,-3.469,-5.021,0.039506846,1.17,1.21,0.6,5.9
199011,2.341,5.101,3.889,3.683,4.969,9.738,0.037468745,1.08,1.32,0.22,6.2
199012,0.664,0.675,-0.738,-1.182,0.222,3.996,0.036643862,1.03,1.38,0,6.3
199101,10.263,8.196,7.684,4.006,17.695,10.058,0.035068956,1.45,1.41,0.6,6.4
199102,9.572,10.948,8.624,12.717,11.597,12.864,0.032862812,1.58,1.24,0.15,6.6
199103,8.762,6.515,3.970,3.776,13.291,13.481,0.031904474,1.71,1.16,0.15,6.8
199104,1.576,1.814,0.700,0.787,0.582,-0.450,0.031898755,1.8,1.08,0.15,6.7
199105,2.693,3.270,1.454,2.024,2.379,1.532,0.03051369,1.94,1,0.3,6.9
199106,-3.387,-4.556,-3.555,-4.776,-6.570,-6.921,0.031872025,1.92,0.95,0.29,6.9
199107,0.648,4.079,1.542,4.140,1.864,3.793,0.030188612,1.96,0.89,0.15,6.8
199108,0.800,2.682,1.371,1.955,2.319,3.278,0.029540717,2.12,0.9,0.29,6.9
199109,-0.557,-1.875,-0.339,-1.985,-1.161,-0.276,0.03020139,2.08,0.9,0.44,6.9
199110,1.162,0.695,0.902,-0.057,1.965,1.405,0.029351761,2.2,0.94,0.15,7
199111,-4.224,-2.585,-3.289,-5.140,-3.939,-6.961,0.030629109,2.53,0.97,0.29,7
199112,3.415,10.199,4.523,4.915,0.640,8.875,0.027694292,2.71,0.95,0.07,7.3
199201,15.647,8.054,10.597,4.392,20.598,8.837,0.027577456,2.88,0.93,0.14,7.3
199202,9.056,5.305,4.657,1.686,5.700,3.945,0.027097504,3.05,0.94,0.36,7.4
199203,1.218,-1.900,0.737,-1.644,-2.961,-3.729,0.028193956,2.91,0.9,0.5,7.4
199204,-1.422,-2.160,-0.324,1.553,-6.780,-4.668,0.02748609,3.18,0.88,0.14,7.4
199205,-0.680,-1.540,1.045,2.118,-0.094,-2.534,0.027310836,3.2,0.85,0.14,7.6
199206,-4.123,-4.838,-4.358,-4.773,-4.333,-6.968,0.028248909,3.09,0.83,0.36,7.8
199207,0.650,2.032,2.330,3.273,2.114,1.066,0.027109904,3.24,0.77,0.21,7.7
199208,-3.806,-1.736,-3.237,-1.802,-2.295,-5.686,0.027716936,3.12,0.7,0.28,7.6
199209,0.474,1.318,0.959,3.626,-0.852,3.796,0.02760956,3.24,0.7,0.28,7.6
199210,1.241,2.779,-0.733,-0.765,2.567,5.076,0.027297673,3.29,0.85,0.35,7.3
199211,5.768,7.472,2.710,3.460,6.961,11.796,0.026474581,3.19,0.86,0.14,7.4
199212,3.763,1.764,3.116,1.778,4.463,2.532,0.02599407,3.06,0.83,-0.07,7.4
199301,7.108,1.211,6.653,1.998,6.481,5.840,0.025673398,3.1,0.76,0.49,7.3
199302,-0.523,-3.373,4.350,2.025,-1.499,-3.398,0.025535448,2.87,0.68,0.35,7.1
199303,1.796,0.864,4.039,2.927,0.279,1.703,0.025265881,2.65,0.57,0.35,7
199304,-1.924,-3.578,-0.799,0.903,-0.723,-5.006,0.025905757,2.73,0.68,0.28,7.1
199305,4.130,4.685,3.294,2.947,6.024,5.485,0.0253861,2.68,0.78,0.14,7.1
199306,2.247,-1.459,1.090,-0.175,1.495,1.012,0.025340494,2.42,0.74,0.14,7
199307,2.353,0.654,0.750,-2.022,1.874,1.400,0.025389379,2.34,0.76,0,6.9
199308,1.583,2.681,4.376,3.783,7.376,8.541,0.024526431,2.24,0.75,0.28,6.8
199309,2.118,-0.401,-0.392,-0.426,4.835,1.732,0.024657369,2,0.68,0.21,6.7
199310,3.742,2.830,3.141,1.502,9.019,3.573,0.024312312,1.94,0.64,0.41,6.8
199311,-0.770,-0.964,-3.266,-2.295,-3.333,-1.591,0.02488899,2.14,0.73,0.07,6.6
199312,0.061,1.171,1.107,3.754,2.044,2.552,0.02445435,2.16,0.76,0,6.5
199401,5.679,2.423,8.401,3.383,6.527,1.942,0.023914538,2.21,0.73,0.27,6.6
199402,0.864,1.016,-0.413,-0.012,-0.577,-1.740,0.024634881,2.1,0.68,0.34,6.6
199403,-6.106,-6.009,-3.257,-5.716,-3.527,-7.083,0.025693518,2.16,0.65,0.34,6.5
199404,-0.020,-1.006,1.512,0.516,1.014,-2.408,0.025616733,2.15,0.64,0.14,6.4
199405,0.771,0.029,0.225,-0.301,0.393,-3.953,0.025520229,1.87,0.63,0.07,6.1
199406,-5.416,-3.615,-1.696,-1.765,-3.325,-7.450,0.026305208,1.83,0.68,0.34,6.1
199407,2.009,1.025,2.010,2.441,3.578,3.414,0.02556033,1.82,0.69,0.27,6.1
199408,2.287,2.192,3.120,3.153,6.353,6.816,0.024598124,1.68,0.67,0.4,6
199409,0.224,-1.968,1.450,-1.743,3.589,2.678,0.025177245,1.7,0.64,0.27,5.9
199410,-0.793,-1.193,1.729,-0.789,4.431,2.486,0.025048256,1.63,0.63,0.07,5.8
199411,-3.526,-6.683,-5.645,-6.310,-2.285,-3.605,0.025966884,1.42,0.64,0.13,5.6
199412,-3.557,-2.659,-0.143,1.920,1.186,0.385,0.026061993,0.67,0.64,0,5.5
199501,2.789,1.595,0.145,-1.160,1.436,1.300,0.02574262,0.73,0.62,0.4,5.6
199502,3.483,2.720,2.699,4.266,2.575,5.394,0.024732167,0.77,0.59,0.4,5.4
199503,-0.935,1.088,3.784,3.617,3.309,2.032,0.024259649,0.77,0.58,0.33,5.4
199504,1.713,1.544,2.444,3.002,7.478,5.323,0.0238272,0.79,0.57,0.33,5.8
199505,0.490,0.631,0.652,2.323,4.478,2.371,0.023197882,0.63,0.55,0.2,5.6
199506,1.830,4.923,2.241,0.081,9.806,11.240,0.022562351,0.53,0.6,0.2,5.6
199507,3.075,4.124,3.304,3.045,8.323,10.822,0.022404134,0.69,0.63,0,5.7
199508,0.930,0.489,1.966,0.702,2.954,1.251,0.022373021,0.74,0.62,0.26,5.7
199509,1.631,1.435,0.562,-0.392,0.642,2.108,0.021634324,0.58,0.61,0.2,5.6
199510,-7.097,-7.059,-5.444,-6.746,-6.361,-7.019,0.022028613,0.45,0.63,0.33,5.5
199511,-0.791,0.862,1.630,3.356,1.109,2.517,0.021363233,0.5,0.66,-0.07,5.6
199512,-1.507,-1.300,2.037,-0.161,0.176,-2.064,0.021072788,0.4,0.67,-0.07,5.6
199601,2.167,2.889,3.092,1.042,-0.811,0.356,0.020628466,0.56,0.66,0.58,5.6
199602,3.185,3.989,3.827,2.136,5.905,7.626,0.020531097,0.87,0.64,0.32,5.5
199603,3.627,4.285,4.551,3.236,-0.186,-2.240,0.020378485,0.93,0.68,0.52,5.5
199604,4.818,5.412,6.484,5.497,11.007,10.899,0.020009072,0.97,0.69,0.38,5.6
199605,5.759,6.391,4.604,1.770,8.046,7.863,0.019626574,1.1,0.68,0.19,5.6
199606,-3.718,-5.028,-1.287,-2.706,-8.357,-9.128,0.019844334,1.1,0.69,0.06,5.3
199607,-7.221,-8.026,-6.079,-6.357,-11.481,-13.567,0.020935136,1.02,0.7,0.19,5.5
199608,2.634,5.664,2.478,3.801,3.177,4.863,0.020160407,0.97,0.72,0.19,5.1
199609,0.573,1.698,2.749,2.871,3.398,3.974,0.019376841,1,0.69,0.32,5.2
199610,-1.076,-4.837,2.041,0.985,-4.407,-7.444,0.019364127,0.98,0.68,0.32,5.2
199611,2.736,1.792,5.070,4.927,3.512,1.176,0.018122944,0.78,0.69,0.19,5.4
199612,-0.730,-2.294,0.944,0.599,-0.480,-2.917,0.018536687,0.83,0.69,0,5.4
199701,3.458,3.915,5.073,4.204,8.210,6.162,0.017589248,0.97,0.67,0.31,5.3
199702,0.160,-1.900,-2.743,-3.289,-2.876,-7.938,0.01763149,0.89,0.63,0.31,5.2
199703,-3.896,-4.791,-2.646,-2.679,-8.229,-9.250,0.018730455,0.89,0.63,0.25,5.2
199704,-4.288,-1.378,0.946,0.443,0.620,-4.083,0.01810039,0.9,0.61,0.12,5.1
199705,6.468,8.985,10.118,8.851,12.461,14.845,0.016813522,0.84,0.62,-0.06,4.9
199706,4.151,4.198,3.934,4.268,4.760,0.986,0.016235627,0.8,0.61,0.12,5
199707,3.253,5.146,5.725,7.689,9.112,6.121,0.015263253,0.68,0.61,0.12,4.9
199708,1.994,-0.914,2.336,2.313,6.135,5.403,0.015776005,0.74,0.6,0.19,4.8
199709,6.223,7.708,7.145,5.608,8.662,6.067,0.015050972,0.69,0.55,0.25,4.9
199710,-0.560,-4.023,-3.352,-4.473,-5.660,-5.907,0.015661327,0.57,0.57,0.25,4.7
199711,-1.746,0.444,-3.676,-3.771,-4.572,-5.102,0.015195325,0.42,0.55,-0.06,4.6
199712,-6.223,-2.259,-2.999,-2.586,-6.425,-5.711,0.015114815,0.28,0.56,-0.12,4.7
199801,-0.221,-2.008,-0.765,-3.536,2.383,4.865,0.015093798,0.3,0.58,0.19,4.6
199802,8.573,8.864,4.827,7.425,7.410,8.318,0.014162636,0.26,0.58,0.19,4.6
199803,4.246,3.733,4.933,4.324,2.802,4.460,0.013487992,0.26,0.6,0.19,4.7
199804,5.506,0.536,2.751,2.232,6.603,1.280,0.013515119,0.26,0.64,0.18,4.3
199805,-2.107,-5.359,-3.255,-5.870,-5.568,-9.491,0.013862567,0.21,0.61,0.18,4.4
199806,-3.929,-1.437,-4.596,-5.930,-5.009,-2.639,0.013574745,0.09,0.6,0.12,4.5
199807,-4.884,-5.916,-9.080,-9.272,-7.955,-5.213,0.013848114,0.1,0.6,0.12,4.5
199808,-17.803,-19.715,-19.397,-20.572,-22.085,-24.229,0.016614419,0.13,0.62,0.12,4.5
199809,0.281,0.749,3.292,5.404,5.758,8.828,0.015747921,0.1,0.69,0.12,4.6
199810,0.240,5.960,2.357,6.582,2.856,6.314,0.014628269,0.41,0.81,0.24,4.5
199811,6.928,9.630,0.353,-1.000,10.609,12.779,0.013845026,0.3,0.93,0,4.4
199812,3.191,2.700,-3.825,-3.565,5.639,7.780,0.013053969,0.13,1.01,-0.06,4.4
199901,4.791,1.678,0.456,-0.137,14.259,10.169,0.012647364,0.21,1.05,0.24,4.3
199902,-5.521,-4.171,-6.504,-5.646,-4.475,-9.836,0.013140975,0.3,0.99,0.12,4.4
199903,-2.964,-3.032,2.066,5.916,-3.677,-1.450,0.012818679,0.45,0.91,0.3,4.2
199904,8.259,8.580,14.524,15.013,11.931,9.307,0.012145564,0.49,0.84,0.72,4.3
199905,3.456,1.923,1.898,-0.570,6.868,4.419,0.012981063,0.69,0.79,0,4.2
199906,1.417,1.529,4.788,4.662,8.076,8.332,0.012402571,0.8,0.79,0,4.3
199907,0.510,-1.984,1.268,-0.874,2.811,-1.096,0.012852707,0.76,0.76,0.3,4.3
199908,-5.686,-8.889,-0.744,-1.847,-1.383,-0.063,0.013030718,0.74,0.75,0.24,4.2
199909,-5.342,-3.337,-4.584,-3.849,-2.280,3.562,0.013447122,0.67,0.81,0.48,4.2
199910,-3.435,-3.129,-4.911,-2.797,2.458,4.733,0.012650655,0.68,0.83,0.18,4.1
199911,3.405,2.970,-0.107,1.168,23.522,25.016,0.012286573,0.48,0.79,0.06,4.1
199912,2.155,1.535,4.693,2.541,21.710,28.132,0.011363513,0.44,0.64,0,4
200001,6.627,-2.086,4.712,-2.471,14.857,3.421,0.011834931,0.54,0.55,0.3,4
200002,3.330,1.400,2.272,-0.812,27.725,27.691,0.011547615,0.3,0.61,0.59,4.1
200003,0.374,4.867,6.838,8.930,-1.750,-6.063,0.010919959,0.04,0.69,0.82,4
200004,-3.965,-3.881,-2.818,0.690,-16.238,-15.186,0.011759805,-0.16,0.76,0.06,3.8
200005,-5.921,-5.780,0.550,0.793,-13.581,-13.086,0.011899004,0.11,0.91,0.12,4
200006,2.320,1.314,0.397,-0.292,13.550,14.093,0.011129173,-0.07,0.81,0.52,4
200007,-1.432,-1.687,-0.710,-2.871,-3.083,-11.266,0.011255003,-0.03,0.7,0.23,4
200008,1.031,5.587,6.809,5.840,8.107,8.692,0.010601813,-0.35,0.71,0,4.1
200009,-5.049,-4.426,-2.115,-4.987,-5.430,-13.151,0.010911966,-0.33,0.73,0.52,3.9
200010,-10.262,-1.864,-6.128,-2.383,-9.861,-10.966,0.011195679,-0.27,0.79,0.17,3.9
200011,-11.885,-8.997,-6.261,-6.974,-17.626,-26.662,0.012591833,-0.37,0.83,0.06,3.9
200012,-7.873,0.295,4.889,10.235,-6.442,-6.848,0.012160325,-0.36,0.81,-0.06,3.9
200101,28.876,16.623,13.856,6.366,36.281,44.178,0.011764729,0.35,0.78,0.63,4.2
200102,-0.661,-6.205,-1.868,-2.357,-10.700,-22.617,0.013009425,0.42,0.77,0.4,4.2
200103,-4.180,-3.414,-2.140,-4.054,-10.893,-18.508,0.013764326,0.59,0.86,0.23,4.3
200104,2.609,6.056,3.461,7.693,6.752,16.350,0.012645817,1.16,0.87,0.4,4.4
200105,10.417,3.996,5.641,3.409,5.282,0.723,0.012543281,1.61,0.78,0.45,4.3
200106,2.700,2.145,-4.580,-5.577,1.509,-0.103,0.012651906,1.7,0.79,0.17,4.5
200107,2.430,-2.544,-1.136,-2.371,-8.418,-8.474,0.012995281,1.62,0.84,-0.28,4.6
200108,-1.651,-3.132,-1.788,-5.003,-9.208,-11.753,0.013779232,1.5,0.83,0,4.9
200109,-14.046,-12.454,-15.685,-13.635,-16.703,-21.848,0.015309358,1.91,0.86,0.45,5
200110,2.512,4.562,1.651,8.040,18.434,20.668,0.01495328,2.24,0.88,-0.34,5.3
200111,7.413,6.820,4.369,2.903,13.108,16.488,0.013672363,2.47,0.84,-0.17,5.5
200112,8.349,5.828,5.767,6.537,7.839,6.422,0.013596655,2.87,1.28,-0.4,5.7
200201,4.689,2.893,5.339,-2.136,3.003,-1.092,0.013886133,2.88,1.32,0.23,5.7
200202,-0.817,-1.580,0.928,2.423,-9.809,-13.519,0.014256347,2.68,1.38,0.39,5.7
200203,11.381,7.420,10.504,11.046,9.307,10.751,0.01356732,2.71,1.3,0.56,5.7
200204,7.068,2.793,3.303,0.090,-3.648,-10.540,0.014192926,2.73,1.27,0.56,5.9
200205,4.811,-0.771,-1.453,-3.009,-3.421,-7.750,0.014249056,2.81,1.34,0,5.8
200206,-3.160,-7.258,-3.766,-5.568,-12.317,-16.436,0.015736958,2.73,1.32,0.06,5.8
200207,-11.297,-13.582,-13.453,-12.944,-14.796,-16.954,0.017157378,2.69,1.37,0.11,5.8
200208,-2.965,1.137,-0.025,1.392,0.407,0.278,0.016803327,2.5,1.21,0.33,5.7
200209,-9.340,-7.059,-9.285,-8.517,-15.140,-15.768,0.018795872,2.15,1.25,0.17,5.7
200210,0.293,3.527,-0.707,3.050,9.511,16.383,0.0176688,2.29,1.41,0.17,5.7
200211,8.481,7.517,8.032,8.832,26.684,27.315,0.016664488,2.56,1.31,0,5.9
200212,-3.266,-3.210,-3.041,-3.001,-10.573,-13.066,0.017753455,2.58,1.24,-0.22,6
200301,0.105,-5.060,-1.173,-3.240,2.150,2.503,0.018185108,2.69,1.18,0.44,5.8
200302,-1.953,-3.955,-2.055,-0.670,-1.908,-2.880,0.018562168,2.6,1.11,0.77,5.9
200303,-0.757,-0.992,-1.163,-1.663,-0.972,2.179,0.018570514,2.57,1.06,0.6,5.9
200304,9.121,8.259,6.579,8.521,14.038,13.818,0.017532467,2.69,1.11,-0.22,6
200305,6.254,8.412,12.137,10.713,24.635,22.235,0.016512164,2.39,1.16,-0.16,6.1
200306,5.604,5.224,2.741,1.195,6.514,5.298,0.016452564,2.32,1.22,0.11,6.3
200307,9.119,4.383,5.460,3.056,13.291,9.699,0.016267441,2.86,1.13,0.11,6.2
200308,4.004,4.243,7.455,4.546,5.773,6.775,0.015990871,3.14,1.13,0.38,6.1
200309,0.526,-0.617,-0.024,-3.331,5.636,0.541,0.016364273,3.03,1.07,0.32,6.1
200310,9.129,7.795,8.590,7.204,15.075,10.390,0.015783737,3.04,1.03,-0.11,6
200311,5.795,2.287,3.886,3.073,8.085,3.068,0.015737658,2.96,1.01,-0.27,5.8
200312,5.794,1.621,11.762,9.216,0.228,0.821,0.015335213,2.96,0.98,-0.11,5.7
200401,8.603,2.777,3.996,1.113,14.311,8.205,0.015100603,2.91,0.9,0.49,5.7
200402,1.995,3.559,4.990,2.531,-1.885,-2.060,0.015042579,2.84,0.77,0.54,5.6
200403,1.159,0.280,0.839,1.008,-1.429,-2.411,0.01554911,2.64,0.78,0.64,5.8
200404,1.132,-0.473,-1.023,0.612,-7.714,-6.502,0.01616283,2.92,0.73,0.32,5.6
200405,-1.107,-1.283,1.546,-0.509,-0.095,3.185,0.016291228,2.94,0.71,0.58,5.6
200406,3.993,1.838,8.375,6.456,0.961,1.713,0.016220357,2.61,0.77,0.32,5.6
200407,-3.997,-5.794,-1.757,-3.478,-10.400,-14.774,0.016842253,2.4,0.8,-0.16,5.5
200408,-2.847,-4.214,-1.902,-0.921,-2.419,-5.251,0.017153462,2.26,0.81,0.05,5.4
200409,2.067,3.751,6.421,7.006,3.511,5.759,0.01693786,2.01,0.81,0.21,5.4
200410,1.156,3.771,-0.385,-0.491,1.949,4.639,0.016584787,1.87,0.74,0.53,5.5
200411,9.221,8.415,13.021,9.824,8.770,10.454,0.018253949,1.69,0.68,0.05,5.4
200412,6.308,5.436,3.239,2.029,8.494,7.328,0.017929211,1.56,0.68,-0.37,5.4
200501,-1.192,-3.962,-0.890,-2.014,-7.101,-8.009,0.018363269,1.36,0.66,0.21,5.3
200502,0.937,0.735,7.576,6.662,0.485,-0.477,0.018408181,1.14,0.62,0.58,5.4
200503,-3.221,-3.042,-2.084,-1.791,-3.130,-5.422,0.019151496,1.2,0.66,0.78,5.2
200504,-5.255,-4.932,-7.491,-6.986,-7.241,-8.100,0.019784361,1.02,0.72,0.67,5.2
200505,4.805,5.573,3.064,4.737,4.323,7.919,0.019289174,0.81,0.86,-0.1,5.1
200506,2.834,4.102,4.557,4.181,1.861,1.368,0.019279297,0.64,0.9,0.05,5
200507,7.143,5.587,10.673,9.419,7.732,6.628,0.01857461,0.54,0.89,0.46,5
200508,-0.885,-3.586,1.492,-0.381,-0.824,-2.465,0.019120129,0.39,0.87,0.51,4.9
200509,0.739,-1.916,2.473,2.395,1.192,0.241,0.018943445,0.35,0.9,1.21,5
200510,-4.944,-2.699,-5.271,-5.723,-3.944,-4.472,0.019397925,0.28,0.95,0.2,5
200511,2.797,2.614,4.449,4.361,3.078,4.547,0.017421401,0.21,0.97,-0.81,5
200512,-0.264,0.403,0.812,1.435,-0.026,-0.578,0.01734505,0.12,0.95,-0.41,4.9
200601,5.956,4.353,12.150,12.611,7.717,9.341,0.016979536,-0.03,0.95,0.76,4.7
200602,0.174,2.460,-3.187,-2.554,0.983,-0.308,0.017323781,-0.11,0.92,0.2,4.8
200603,2.891,4.409,6.129,5.299,6.401,2.925,0.017003824,-0.05,0.88,0.55,4.7
200604,1.956,1.374,3.888,3.285,0.528,-0.223,0.017064191,0.09,0.84,0.85,4.7
200605,-4.688,-4.811,-4.950,-5.699,-5.851,-8.216,0.018113515,0.11,0.8,0.5,4.6
200606,-1.352,-0.782,-0.028,-0.231,-3.071,-1.932,0.018173637,-0.05,0.89,0.2,4.6
